Retailer,Category,Item,Price (VND),7 ngày change,1 tháng change,6 tháng change,1 năm change,Product URL
MemoryZone,RAM Laptop,RAM Laptop Acer SD100 8GB DDR4 3200MHz 1.2v SD100-8GB-3200-1R8,1.750.000,+0%,,,,https://memoryzone.com.vn/ram-laptop-acer-sd100-8gb-ddr4-3200mhz-1-2v-sd100-8gb-3200-1r8
MemoryZone,RAM Laptop,RAM Laptop ADATA Premier 8GB DDR4 3200MHz 1.2v AD4S32008G22-SGN,1.850.000,+0%,,,,https://memoryzone.com.vn/ram-laptop-adata-premier-8gb-ddr4-3200mhz-1x8gb-ad4s32008g22-sgn
MemoryZone,RAM Laptop,RAM Laptop Acer SD100 DDR4 16GB 3200MHz 1.2v SD100-16GB,2.850.000,+0%,,,,https://memoryzone.com.vn/ram-laptop-acer-sd100-ddr4-16gb-3200mhz-1-2v-sd100-16gb
MemoryZone,RAM Laptop,RAM Laptop Acer SD200 16GB DDR5 5600MHz 1.1v BL.9BWWA.414,5.500.000,+0%,,,,https://memoryzone.com.vn/ram-laptop-acer-sd200-16gb-ddr5-5600mhz-1-1v-bl-9bwwa-414
MemoryZone,RAM Laptop,Ram Laptop Crucial DDR5 32GB 5600MHz 1.1v CT32G56C46S5,11.900.000,+0%,,,,https://memoryzone.com.vn/ram-laptop-crucial-ddr5-32gb-5600mhz-1-1v-ct32g56c46s5
MemoryZone,SSD,SSD Transcend 115S 250GB PCIe Gen3 x4 NVMe M.2 TS250GMTE115S,1.250.000,+0%,,,,https://memoryzone.com.vn/ssd-transcend-115s-250gb-pcie-gen3-x4-nvme-m-2-ts250gmte115s
MemoryZone,SSD,SSD PNY CS1031 M.2 PCIe Gen3 x4 NVMe 256GB M280CS1031-256-CL,1.250.000,+0%,,,,https://memoryzone.com.vn/ssd-pny-cs1031-m-2-pcie-gen3-x4-nvme-256gb-m280cs1031-256-cl
MemoryZone,SSD,SSD Patriot P400 Lite 500GB M.2 PCIe Gen4 x4 NVMe P400LP500GM28H,1.990.000,+0%,,,,https://memoryzone.com.vn/ssd-patriot-p400-lite-500gb-m-2-pcie-gen4-x4-nvme-p400lp500gm28h
MemoryZone,SSD,SSD Biwin Black Opal NV3500 512GB PCIe Gen3 x4 NVMe M.2 BNV3500512G-RGX,2.390.000,+0%,,,,https://memoryzone.com.vn/ssd-biwin-black-opal-nv3500-512gb-pcie-gen3-x4-nvme-m-2-bnv3500512g-rgx
MemoryZone,SSD,SSD Biwin Black Opal NV7400 512GB PCIe Gen4 x4 NVMe BNV7400512G-RGX,2.790.000,+0%,,,,https://memoryzone.com.vn/ssd-biwin-black-opal-nv7400-512gb-pcie-gen4-x4-nvme-bnv7400512g-rgx
MemoryZone,SSD,SSD Kingston NV3 500GB M.2 PCIe Gen4 x4 NVMe SNV3S/500G,2.790.000,-2.1%,,,,https://memoryzone.com.vn/ssd-kingston-nv3-500gb-m-2-pcie-gen4-x4-nvme-snv3s-500g
MemoryZone,SSD,SSD Western Digital Blue SN5100 500GB PCIe Gen4 x4 NVMe M.2 WDS500G5B0E,2.850.000,+0%,,,,https://memoryzone.com.vn/ssd-western-digital-blue-sn5100-500gb-pcie-gen4-x4-nvme-m-2-wds500g5b0e
MemoryZone,SSD,SSD Lexar Play X 512GB M.2 PCIe Gen4 x4 NVMe LNMPLYX512G-RNNNG,3.300.000,+0%,,,,https://memoryzone.com.vn/ssd-lexar-play-x-512gb-m-2-pcie-gen4-x4-nvme-lnmplyx512g-rnnng
MemoryZone,SSD,SSD Biwin Black Opal NV7400 1TB M.2 PCIe Gen4 x4 NVMe BNV740001TB-RGX,3.390.000,+0%,,,,https://memoryzone.com.vn/ssd-biwin-black-opal-nv7400-1tb-m-2-pcie-gen4-x4-nvme-bnv740001tb-rgx
MemoryZone,SSD,SSD Western Digital Blue SN5000 1TB PCIe Gen4 x4 NVMe M.2 WDS100T4B0E,3.690.000,+0%,,,,https://memoryzone.com.vn/ssd-western-digital-blue-sn5000-1tb-pcie-gen4-x4-nvme-m-2-wds100t4b0e-1
MemoryZone,SSD,SSD Kingston NV3 1TB M.2 PCIe Gen4 x4 NVMe SNV3S/1000G,3.790.000,+0%,,,,https://memoryzone.com.vn/ssd-kingston-nv3-1tb-m-2-pcie-gen4-x4-nvme-snv3s-1000g
MemoryZone,SSD,SSD SanDisk Optimus GX 7100 500GB PCIe Gen4 x4 NVMe M.2 SDSP71500GAN-000E0,4.350.000,+0%,,,,https://memoryzone.com.vn/ssd-sandisk-optimus-gx-7100-500gb-pcie-gen4-x4-nvme-m-2-sdsp71500gan-000e0
MemoryZone,SSD,SSD Western Digital Blue SN5100 1TB PCIe Gen4 x4 NVMe M.2 WDS100T5B0E,4.350.000,+0%,,,,https://memoryzone.com.vn/ssd-western-digital-blue-sn5100-1tb-pcie-gen4-x4-nvme-m-2-wds100t5b0e
MemoryZone,SSD,SSD WD Black SN7100 1TB PCIe Gen4 x4 NVMe M.2 WDS100T4X0E,4.690.000,+0%,,,,https://memoryzone.com.vn/ssd-wd-black-sn7100-1tb-pcie-gen4-x4-nvme-m-2-wds100t4x0e
MemoryZone,SSD,SSD Kioxia Exceria Basic 2TB M.2 PCIe Gen4 x4 BiCS FLASH LSF10Z002TG8,5.850.000,+0%,,,,https://memoryzone.com.vn/ssd-kioxia-exceria-basic-2tb-m-2-pcie-gen4-x4-bics-flash-lsf10z002tg8
MemoryZone,SSD,SSD Kioxia (TOSHIBA) Exceria Plus G3 2TB M.2 PCIe Gen4 x4 BiCS FLASH LSD10Z002TG8,5.880.000,+0%,,,,https://memoryzone.com.vn/ssd-kioxia-toshiba-exceria-plus-g3-2tb-m-2-pcie-gen4-x4-bics-flash-lsd10z002tg8
MemoryZone,SSD,SSD HP FX900 Plus 2TB M.2 PCIe 4.0 x4 NVMe 7F618AA,5.950.000,+0%,,,,https://memoryzone.com.vn/ssd-hp-fx900-plus-2tb-m-2-pcie-4-0-x4-nvme-7f618aa
MemoryZone,SSD,SSD Acer Predator GM7000 2TB PCIe Gen4 x4 NVMe M.2 GM7000-2TB,7.500.000,+0%,,,,https://memoryzone.com.vn/ssd-acer-predator-gm7000-2tb-pcie-gen4-x4-nvme-m-2-gm7000-2tb
MemoryZone,SSD,SSD SanDisk Optimus GX 7100 1TB PCIe Gen4 x4 NVMe M.2 SDSP71100TAN-000E0,7.990.000,+0%,,,,https://memoryzone.com.vn/ssd-sandisk-optimus-gx-7100-1tb-pcie-gen4-x4-nvme-m-2-sdsp71100tan-000e0
MemoryZone,Laptop,"Laptop Lenovo V14 G5 IRL 83HD0062VA (i5-13420H, Intel Graphics, RAM 16GB DDR5, SSD 512GB, 14 Inch IPS FHD 60Hz, NoOS)",22.500.000,+0%,,,,https://memoryzone.com.vn/laptop-lenovo-v14-g5-83hd0062va
MemoryZone,Laptop,"Laptop Lenovo IdeaPad Slim 3 14IPH11 83UQ000JVN (Ultra 5 322, Intel Graphics, RAM 16GB DDR5, SSD 512GB, 14 Inch IPS WUXGA 60Hz, Win 11 Home)",23.700.000,+0%,,,,https://memoryzone.com.vn/laptop-lenovo-ideapad-slim-3-14iph11-83uq000jvn
MemoryZone,Laptop,"Laptop ASUS ExpertBook P1 P1403CVA-C5H16-63WS (Core 5 210H, Intel Graphics, RAM 16GB DDR5, SSD 512GB, 14 Inch IPS FHD 60Hz, Win 11 Home)",24.200.000,+0%,,,,https://memoryzone.com.vn/laptop-asus-expertbook-p1-p1403cva-c5h16-63ws
MemoryZone,Laptop,"Laptop Lenovo ThinkBook 16 G8 IRL 21SH0097VN (Core 5 210H, Intel Graphics, RAM 16GB DDR5, SDD 512GB, 16 Inch IPS WUXGA 60Hz, Window 11 Home)",25.900.000,+0%,,,,https://memoryzone.com.vn/laptop-lenovo-thinkbook-16-g8-irl-21sh0097vn
MemoryZone,Laptop,"Laptop ASUS TUF Gaming A15 FA506NCG-HN390W (Ryzen 7 155, RTX 3050 4GB, RAM 16GB DDR5, SSD 512GB, 15.6 Inch IPS FHD 144Hz, Win 11 Home)",27.500.000,+0%,,,,https://memoryzone.com.vn/laptop-asus-tuf-gaming-a15-fa506ncg-hn390w
MemoryZone,Laptop,"Laptop Lenovo V14 G5 IRL 83HD0035VN (Core 7 240H, Intel Graphics, RAM 16GB DDR5, 512GB SSD, 14 Inch IPS FHD 60Hz, Win11)",27.500.000,+0%,,,,https://memoryzone.com.vn/laptop-lenovo-v14-g5-irl-83hd0035vn
MemoryZone,Laptop,"Laptop Lenovo IdeaPad Slim 3 14IPH11 83UQ003PVN (Ultra 7 355, Intel Graphics, RAM 16GB DDR5, SSD 512GB, 14 Inch IPS WUXGA 60Hz, Win 11 Home)",28.900.000,+0%,,,,https://memoryzone.com.vn/laptop-lenovo-ideapad-slim-3-14iph11-83uq003pvn
MemoryZone,Laptop,"Laptop Lenovo ThinkPad E16 Gen 3 21SR00A6VA (Ultra 5 135H, Intel Arc Graphics, RAM 16GB DDR5, SSD 512GB, 16 Inch IPS WUXGA 60Hz, NoOS)",29.900.000,+0%,,,,https://memoryzone.com.vn/laptop-lenovo-thinkpad-e16-gen-3-21sr00a6va
MemoryZone,Laptop,"Laptop Lenovo ThinkPad E14 Gen 6 21M7004WVA (Ultra 7 155H, Intel Arc Graphics, RAM 16GB DDR5, SSD 512GB, 14 Inch IPS WUXGA 60Hz, NoOS)",30.500.000,+0%,,,,https://memoryzone.com.vn/laptop-lenovo-thinkpad-e14-gen-6-21m7004wva
MemoryZone,Laptop,"Laptop MSI Modern 14S AI+ G3MG-050VN (Ultra 7 355, Intel Graphics, RAM 16GB DDR5, SSD 1TB, 14 Inch OLED FHD+ 60Hz 100% DCI-P3, Win 11 Home)",34.900.000,+0%,,,,https://memoryzone.com.vn/laptop-msi-modern-14s-ai-plus-g3mg-050vn
MemoryZone,Laptop,"Laptop Lenovo ThinkPad E16 Gen 3 21SR002GVA (Ultra 5 225H, Arc Graphics, RAM 16GB DDR5, SSD 512GB, 16 Inch IPS WUXGA 60Hz)",34.900.000,+0%,,,,https://memoryzone.com.vn/laptop-lenovo-thinkpad-e16-gen-3-21sr002gva
MemoryZone,Laptop,"Laptop Lenovo ThinkPad E14 Gen 7 21U2006FVA (Ultra 7 258V, Intel Arc Graphics, RAM 32GB, SSD 512GB, 14 Inch WUXGA 60Hz, NoOS)",36.500.000,+0%,,,,https://memoryzone.com.vn/laptop-lenovo-thinkpad-e14-gen-7-21u2006fva
MemoryZone,Laptop,"Laptop Lenovo ThinkPad E16 Gen 3 21SR002LVA (Ultra 7 255H, Intel Arc Graphics, RAM 16GB DDR5, SSD 512GB, 16 Inch IPS FHD+ 60Hz, NoOS)",36.900.000,+0%,,,,https://memoryzone.com.vn/laptop-lenovo-thinkpad-e16-gen-3-21sr002lva
MemoryZone,Laptop,"Laptop Lenovo ThinkPad E14 Gen 7 21U2006GVA (Ultra 7 258V, Intel Arc Graphics, RAM 32GB, SSD 1TB, 14 inch IPS WUXGA 60Hz, NoOS)",41.900.000,+0%,,,,https://memoryzone.com.vn/laptop-lenovo-thinkpad-e14-gen-7-21u2006gva
MemoryZone,Laptop,"Laptop ASUS TUF Gaming A16 FA608UM-RV266W (Ryzen 7 260, RTX 5060 8GB, RAM 16GB DDR5, SSD 512GB, 16 Inch IPS FHD+ 165Hz 100% sRGB, Win 11 Home)",43.500.000,+0%,,,,https://memoryzone.com.vn/laptop-asus-tuf-gaming-a16-fa608um-rv266w
MemoryZone,Laptop,"Laptop Lenovo ThinkPad E14 Gen 7 21SYS33P00 (Ultra 7 255H, Intel Arc Graphics, RAM 32GB, SSD 512GB, 14 Inch IPS 2.8K 120Hz, NoOS)",46.900.000,+0%,,,,https://memoryzone.com.vn/laptop-lenovo-thinkpad-e14-gen-7-21sys33p00
MemoryZone,Laptop,"Laptop Lenovo ThinkPad T14s Gen 6 21QX00LEVA (Ultra 7 258V, Intel Arc Graphics, RAM 32GB DDR5, SSD 1TB, 14 Inch IPS WUXGA 60Hz 100% sRGB, NoOS)",49.900.000,+0%,,,,https://memoryzone.com.vn/laptop-lenovo-thinkpad-t14s-gen-6-21qx00leva
MemoryZone,Laptop,"Laptop ASUS ROG Strix G16 G614PM-TS147W (Ryzen 9 8940HX, RTX 5060 8GB, RAM 16GB DDR5, SSD 512GB, 16 Inch IPS 2.5K 300Hz 100% DCI-P3, Win 11 Home)",52.000.000,,,,,https://memoryzone.com.vn/laptop-asus-rog-strix-g16-g614pm-ts147w
MemoryZone,Laptop,"Laptop ASUS TUF Gaming 16 FX610JM-TU004W (i7-14650HX, RTX 5060 8GB, RAM 16GB DDR5, SSD 512GB, 16 Inch IPS FHD+ 144Hz 100% sRGB, Win 11 Home)",52.500.000,,,,,https://memoryzone.com.vn/laptop-asus-tuf-gaming-16-fx610jm-tu004w
MemoryZone,HDD,HDD Toshiba S300 Surveillance 2TB 3.5 inch SATA III 128MB Cache 5400RPM HDWT720UZSVA,3.590.000,+0%,,,,https://memoryzone.com.vn/hdd-toshiba-s300-surveillance-2tb-3-5-inch-sata-iii-128mb-cache-5400rpm-hdwt720uzsva
MemoryZone,HDD,HDD WD Red Plus 2TB 3.5 inch SATA III 64MB Cache 5400RPM WD20EFPX,4.600.000,+0%,,,,https://memoryzone.com.vn/hdd-wd-red-plus-2tb-3-5-inch-sata-iii-64mb-cache-5400rpm-wd20efpx
MemoryZone,HDD,HDD Toshiba S300 Surveillance 4TB 3.5 inch SATA III 256MB Cache 5400RPM HDWT840UZSVA,4.750.000,+0%,,,,https://memoryzone.com.vn/hdd-toshiba-s300-surveillance-4tb-3-5-inch-sata-iii-256mb-cache-5400rpm-hdwt840uzsva
MemoryZone,HDD,HDD WD Blue 4TB 3.5 inch SATA III 128MB Cache 5400RPM WD40EZZX,4.990.000,+0%,,,,https://memoryzone.com.vn/hdd-wd-blue-4tb-3-5-inch-sata-iii-128mb-cache-5400rpm-wd40ezzx
MemoryZone,HDD,HDD WD Red Plus 4TB 3.5 inch SATA III 128MB Cache 5400RPM WD40EFZZ,5.500.000,+0%,,,,https://memoryzone.com.vn/hdd-wd-red-plus-4tb-3-5-inch-sata-iii-128mb-cache-5400rpm-wd40efzz
MemoryZone,HDD,HDD Toshiba S300 Surveillance 6TB 3.5 inch SATA III 256MB Cache 5400RPM HDWT860UZSVA,6.300.000,+0%,,,,https://memoryzone.com.vn/hdd-toshiba-s300-surveillance-6tb-3-5-inch-sata-iii-256mb-cache-5400rpm-hdwt860uzsva
MemoryZone,HDD,HDD Synology HAT3300 Plus 4TB 3.5 inch SATA 256MB Cache 5400RPM HAT3300-4T,6.390.000,+0%,,,,https://memoryzone.com.vn/hdd-synology-hat3300-4tb-3-5-inch-sata-256mb-cache-5400rpm-hat3300-4t
MemoryZone,HDD,HDD WD Blue 6TB 3.5 inch SATA III 256MB Cache 5400RPM WD60EZAX,6.750.000,+0%,,,,https://memoryzone.com.vn/hdd-wd-blue-6tb-3-5-inch-sata-iii-256mb-cache-5400rpm-wd60ezax
MemoryZone,HDD,HDD WD Red Plus 6TB 3.5 inch SATA III 256MB Cache 5400RPM WD60EFPX,7.950.000,+0%,,,,https://memoryzone.com.vn/hdd-wd-red-plus-6tb-3-5-inch-sata-iii-256mb-cache-5400rpm-wd60efpx
MemoryZone,HDD,HDD WD Black 6TB 3.5 inch SATA III 256MB Cache 7200RPM WD6004FZBX,8.500.000,+0%,,,,https://memoryzone.com.vn/hdd-wd-black-6tb-3-5-inch-sata-iii-256mb-cache-7200rpm-wd6004fzbx
MemoryZone,HDD,HDD Synology HAT3300 Plus 6TB 3.5 inch SATA 256MB Cache 5400RPM HAT3300-6T,9.090.000,+0%,,,,https://memoryzone.com.vn/hdd-synology-hat3300-6tb-3-5-inch-sata-256mb-cache-5400rpm-hat3300-6t
MemoryZone,HDD,HDD WD Red Plus 8TB 3.5 inch SATA III 256MB Cache 5640RPM WD80EFPX,10.500.000,+0%,,,,https://memoryzone.com.vn/hdd-wd-red-plus-8tb-3-5-inch-sata-iii-256mb-cache-5640rpm-wd80efpx
MemoryZone,HDD,HDD Toshiba S300 Pro Surveillance 8TB 3.5 inch SATA III 512MB Cache 7200RPM MD10ADA800V,10.900.000,+0%,,,,https://memoryzone.com.vn/hdd-toshiba-s300-pro-surveillance-8tb-3-5-inch-sata-iii-512mb-cache-7200rpm-md10ada800v
MemoryZone,HDD,HDD Synology HAT3320 Plus 8TB 3.5 inch SATA 512MB Cache 7200 RPM HAT3320-8T,12.390.000,+0%,,,,https://memoryzone.com.vn/hdd-synology-hat3320-8tb-3-5-inch-sata-512mb-cache-7200-rpm-hat3320-8t
MemoryZone,HDD,HDD WD Red Plus 10TB 3.5 inch SATA III 512MB Cache 7200RPM WD100EFGX,12.900.000,+0%,,,,https://memoryzone.com.vn/hdd-wd-red-plus-10tb-3-5-inch-sata-iii-512mb-cache-7200rpm-wd100efgx
MemoryZone,HDD,HDD WD Red Plus 12TB 3.5 inch SATA III 512MB Cache 7200RPM WD120EFGX,13.900.000,+0%,,,,https://memoryzone.com.vn/hdd-wd-red-plus-12tb-3-5-inch-sata-iii-512mb-cache-7200rpm-wd120efgx
MemoryZone,VGA - Card màn hình,VGA ARKTEK GTX 1660 Super 6GB GDDR6,4.650.000,+0%,,,,https://memoryzone.com.vn/vga-arktek-gtx-1660-super-6gb-gddr6
MemoryZone,VGA - Card màn hình,VGA MSI GeForce RTX 3050 VENTUS 2X E 6G OC GDDR6,5.690.000,+0%,,,,https://memoryzone.com.vn/vga-msi-geforce-rtx-3050-ventus-2x-e-6g-oc-gddr6
MemoryZone,VGA - Card màn hình,VGA Asus Dual GeForce RTX 3060 V2 OC Edition 12GB GDDR6 DUAL-RTX3060-O12G-V2,10.700.000,+0%,,,,https://memoryzone.com.vn/vga-asus-dual-geforce-rtx-3060-v2-oc-edition-12gb-gddr6-dual-rtx3060-o12g-v2
MemoryZone,VGA - Card màn hình,VGA Gigabyte GeForce RTX 3060 WINDFORCE OC 12G GDDR6 GV-N3060WF2OC-12GD,11.500.000,+0%,,,,https://memoryzone.com.vn/vga-gigabyte-geforce-rtx-3060-windforce-oc-12g-gddr6
MemoryZone,VGA - Card màn hình,VGA Gigabyte GeForce RTX 5060 WINFORCE OC 8GB GDDR7,12.990.000,+0%,,,,https://memoryzone.com.vn/vga-gigabyte-geforce-rtx-5060-winforce-oc-8gb-gddr7
MemoryZone,VGA - Card màn hình,VGA MSI GeForce RTX 5060 SHADOW 2X OC 8GB GDDR7,12.990.000,+0%,,,,https://memoryzone.com.vn/vga-msi-geforce-rtx-5060-shadow-2x-oc-8gb-gddr7
MemoryZone,VGA - Card màn hình,VGA MSI GeForce RTX 5060 VENTUS 2X OC V1 8GB GDDR7,13.150.000,,,,,https://memoryzone.com.vn/vga-msi-geforce-rtx-5060-ventus-2x-oc-v1-8gb-gddr7
MemoryZone,VGA - Card màn hình,VGA MSI GeForce RTX 5060 VENTUS 2X OC 8GB GDDR7,13.150.000,+0%,,,,https://memoryzone.com.vn/vga-msi-geforce-rtx-5060-ventus-2x-oc-8gb-gddr7
MemoryZone,VGA - Card màn hình,VGA ASUS T1 GeForce RTX 5060 Ti 8GB GDDR7 OC Edition,16.500.000,+0%,,,,https://memoryzone.com.vn/vga-asus-t1-geforce-rtx-5060-ti-8gb-gddr7-oc-edition
MemoryZone,VGA - Card màn hình,VGA ASUS Dual GeForce RTX 5060 Ti OC Edition 16GB GDDR7,20.900.000,+0%,,,,https://memoryzone.com.vn/vga-asus-dual-geforce-rtx-5060-ti-oc-edition-16gb-gddr7
MemoryZone,VGA - Card màn hình,VGA Gigabyte Radeon RX 9070 XT GAMING OC 16GB GDDR6,23.500.000,+0%,,,,https://memoryzone.com.vn/vga-gigabyte-radeon-rx-9070-xt-gaming-oc-16gb-gddr6
MemoryZone,VGA - Card màn hình,VGA ASUS T1 GeForce RTX 5070 12GB GDDR7 OC Edition,25.900.000,+0%,,,,https://memoryzone.com.vn/vga-asus-t1-geforce-rtx-5070-12gb-gddr7-oc-edition
MemoryZone,VGA - Card màn hình,VGA Gigabyte GeForce RTX 5070 WINDFORCE OC SFF 12GB GDDR7,26.400.000,+0%,,,,https://memoryzone.com.vn/vga-gigabyte-geforce-rtx-5070-windforce-oc-sff-12gb-gddr7
MemoryZone,VGA - Card màn hình,VGA MSI GeForce RTX 5070 Ti 16G FRIEREN EDITION OC 16GB GDDR7,36.500.000,+0%,,,,https://memoryzone.com.vn/vga-msi-geforce-rtx-5070-ti-16g-frieren-edition-oc-16gb-gddr7
MemoryZone,VGA - Card màn hình,VGA MSI GeForce RTX 5070 Ti 16GB SHADOW 3X OC GDDR7,36.500.000,+0%,,,,https://memoryzone.com.vn/vga-msi-geforce-rtx-5070-ti-16gb-shadow-3x-oc-gddr7
MemoryZone,VGA - Card màn hình,VGA Leadtek NVIDIA RTX PRO 2000 Blackwell 16GB GDDR7,38.500.000,+0%,,,,https://memoryzone.com.vn/vga-leadtek-nvidia-rtx-pro-2000-blackwell-16gb-gddr7
MemoryZone,VGA - Card màn hình,VGA Asus PRIME GeForce RTX 5070 Ti 16GB GDDR7 OC Edition PRIME-RTX5070TI-O16G,38.500.000,+0%,,,,https://memoryzone.com.vn/vga-asus-prime-geforce-rtx-5070-ti-16gb-gddr7-oc-edition-prime-rtx5070ti-o16g
MemoryZone,VGA - Card màn hình,VGA MSI GeForce RTX 5080 SHADOW 3X OC 16GB GDDR7,47.500.000,+0%,,,,https://memoryzone.com.vn/vga-msi-geforce-rtx-5080-shadow-3x-oc-16gb-gddr7
MemoryZone,VGA - Card màn hình,VGA Gigabyte GeForce RTX 5080 WINDFORCE OC SFF 16GB GDDR7,50.500.000,+0%,,,,https://memoryzone.com.vn/vga-gigabyte-geforce-rtx-5080-windforce-oc-sff-16gb-gddr7
MemoryZone,Mainboard,Mainboard MSI PRO H610M-E DDR4,1.600.000,+0%,,,,https://memoryzone.com.vn/mainboard-pc-msi-pro-h610m-e-ddr4
MemoryZone,Mainboard,Mainboard MSI PRO H610M-S WIFI DDR4,2.050.000,+0%,,,,https://memoryzone.com.vn/mainboard-msi-pro-h610m-s-wifi-ddr4
MemoryZone,Mainboard,Mainboard MSI PRO B760M-B DDR4,2.250.000,+0%,,,,https://memoryzone.com.vn/mainboard-msi-b760m-b-ddr4-2
MemoryZone,Mainboard,Mainboard ASUS PRIME H810M-K DDR5,2.450.000,+0%,,,,https://memoryzone.com.vn/mainboard-asus-prime-h810m-k-ddr5
MemoryZone,Mainboard,Mainboard ASRock H810M-H DDR5,2.450.000,+0%,,,,https://memoryzone.com.vn/mainboard-asrock-h810m-h-ddr5
MemoryZone,Mainboard,Mainboard ASUS B760M-AYW WIFI DDR4,2.600.000,+0%,,,,https://memoryzone.com.vn/mainboard-pc-asus-b760m-ayw-wifi-d4
MemoryZone,Mainboard,Mainboard MSI B760M GAMING PLUS WIFI DDR4,3.150.000,+0%,,,,https://memoryzone.com.vn/mainboard-pc-msi-b760m-gaming-plus-wifi-ddr4
MemoryZone,Mainboard,Mainboard MSI PRO B840M-P WIFI6E DDR5,3.200.000,+0%,,,,https://memoryzone.com.vn/mainboard-msi-pro-b840m-p-wifi6e-ddr5
MemoryZone,Mainboard,Mainboard ASRock B760M Pro RS WIFI DDR5,3.290.000,+4.4%,,,,https://memoryzone.com.vn/mainboard-pc-asrock-b760m-pro-rs-wifi
MemoryZone,Mainboard,Mainboard MSI B760M GAMING PLUS WIFI DDR5,3.500.000,+0%,,,,https://memoryzone.com.vn/mainboard-pc-msi-b760m-gaming-plus-wifi
MemoryZone,Mainboard,Mainboard ASUS TUF GAMING B760M-PLUS WIFI DDR4,3.550.000,+0%,,,,https://memoryzone.com.vn/mainboard-pc-asus-tuf-gaming-b760m-plus-wifi-d4
MemoryZone,Mainboard,Mainboard ASRock B650M Pro RS Wifi DDR5,3.600.000,+0%,,,,https://memoryzone.com.vn/mainboard-pc-asrock-b650m-pro-rs-wifi
MemoryZone,Mainboard,Mainboard ASUS TUF GAMING B650M-E WIFI DDR5,3.850.000,+0%,,,,https://memoryzone.com.vn/mainboard-pc-asus-tuf-gaming-b650m-e-wifi
MemoryZone,Mainboard,Mainboard MSI B860M GAMING WIFI DDR5,3.950.000,+0%,,,,https://memoryzone.com.vn/mainboard-msi-b860m-gaming-wifi-ddr5
MemoryZone,Mainboard,Mainboard MSI MPG B760I EDGE WIFI DDR5,4.750.000,+0%,,,,https://memoryzone.com.vn/mainboard-msi-mpg-b760i-edge-wifi-ddr5
MemoryZone,Mainboard,Mainboard MSI MAG B760M MORTAR WIFI II DDR5,4.800.000,+0%,,,,https://memoryzone.com.vn/mainboard-pc-msi-mag-b760m-mortar-wifi-ii
MemoryZone,Mainboard,Mainboard ASRock B860M Steel Legend WiFi DDR5,4.850.000,+0%,,,,https://memoryzone.com.vn/mainboard-asrock-b860m-steel-legend-wifi-ddr5
MemoryZone,Mainboard,Mainboard ASUS ROG STRIX B760-G GAMING WIFI DDR5,4.890.000,+0%,,,,https://memoryzone.com.vn/mainboard-pc-asus-rog-strix-b760-g-gaming-wifi-ddr5
MemoryZone,PSU - Nguồn máy tính,Nguồn máy tính Gamdias AURA GP550 550W PSAURAGP550GA,590.000,+0%,,,,https://memoryzone.com.vn/nguon-may-tinh-gamdias-aura-gp550-550w-psauragp550ga
MemoryZone,PSU - Nguồn máy tính,Nguồn máy tính Gigabyte P650SS 650W 80 Plus Silver GP-P650SS,1.090.000,+0%,,,,https://memoryzone.com.vn/nguon-may-tinh-gigabyte-p650ss-650w-80-plus-silver-gp-p650ss
MemoryZone,PSU - Nguồn máy tính,Nguồn máy tính MSI MAG A650BNL 650W 80 Plus Bronze MAG-A650BNL,1.150.000,+0%,,,,https://memoryzone.com.vn/nguon-may-tinh-msi-mag-a650bnl-650w-80-plus-bronze-mag-a650bnl
MemoryZone,PSU - Nguồn máy tính,Nguồn máy tính MSI MAG A650BN 650W 80 Plus Bronze MAG-A650BN,1.150.000,+0%,,,,https://memoryzone.com.vn/nguon-may-tinh-msi-mag-a650bn-650w-80-plus-bronze-mag-a650bn
MemoryZone,PSU - Nguồn máy tính,Nguồn máy tính Gigabyte GP-P750BS 750W 80 Plus Bronze GP-P750BS,1.290.000,+0%,,,,https://memoryzone.com.vn/nguon-may-tinh-gigabyte-gp-p750bs-750w-80-plus-bronze-gp-p750bs
MemoryZone,PSU - Nguồn máy tính,Nguồn máy tính MSI MAG A750BN PCIE5 III 750W 80 Plus Bronze MAG-A750BN-PCIE5-III,1.390.000,+0%,,,,https://memoryzone.com.vn/nguon-may-tinh-msi-mag-a750bn-pcie5-iii-750w-80-plus-bronze-mag-a750bn-pcie5-iii
MemoryZone,PSU - Nguồn máy tính,Nguồn máy tính Corsair CX750 750W 80 Plus Bronze CP-9020279-NA,1.450.000,+0%,,,,https://memoryzone.com.vn/nguon-may-tinh-corsair-cx750-750w-80-plus-bronze-cp-9020279-na
MemoryZone,PSU - Nguồn máy tính,Nguồn máy tính MSI MAG A850GN ATX 3.1 PCIe 5.1 850W 80 Plus Gold MAG-A850GN-PCIE5,1.900.000,+0%,,,,https://memoryzone.com.vn/nguon-may-tinh-msi-mag-a850gn-atx-3-1-pcie-5-1-850w-80-plus-gold
MemoryZone,PSU - Nguồn máy tính,Nguồn máy tính MSI MAG A850GL PCIE5 850W 80 Plus Gold MAG-A850GL-PCIE5,2.400.000,+0%,,,,https://memoryzone.com.vn/nguon-may-tinh-msi-mag-a850gl-pcie5-850w-80-plus-gold-mag-a850gl-pcie5
MemoryZone,PSU - Nguồn máy tính,Nguồn máy tính Corsair RM850e ATX 3.1 850W Cybenetics Gold CP-9020296-NA,2.660.000,+0%,,,,https://memoryzone.com.vn/nguon-may-tinh-corsair-rm850e-atx-3-1-850w-cybenetics-gold-cp-9020296-na
MemoryZone,PSU - Nguồn máy tính,Nguồn máy tính Corsair RM850e White ATX 3.1 850W Cybenetics Gold CP-9020293-NA,2.850.000,+0%,,,,https://memoryzone.com.vn/nguon-may-tinh-corsair-rm850e-white-atx-3-1-850w-cybenetics-gold-cp-9020293-na
MemoryZone,PSU - Nguồn máy tính,Nguồn máy tính MSI MAG A1000GL PCIE5 1000W 80 Plus Gold MAG-A1000GL-PCIE5,3.350.000,,,,,https://memoryzone.com.vn/nguon-may-tinh-msi-mag-a1000gl-pcie5-1000w-80-plus-gold-mag-a1000gl-pcie5
MemoryZone,PSU - Nguồn máy tính,Nguồn máy tính MSI PRO A1000PL PCIE5 1000W 80 Plus Platinum PRO-A1000PL-PCIE5,3.650.000,+0%,,,,https://memoryzone.com.vn/nguon-may-tinh-msi-pro-a1000pl-pcie5-1000w-80-plus-platinum-pro-a1000pl-pcie5
MemoryZone,PSU - Nguồn máy tính,Nguồn máy tính Corsair RM1000e 1000W ATX 3.1 Cybenetics Gold CP-9020297-NA,3.650.000,+0%,,,,https://memoryzone.com.vn/nguon-may-tinh-corsair-rm1000e-atx-3-1-cybenetics-gold-cp-9020297-na
MemoryZone,PSU - Nguồn máy tính,Nguồn máy tính SuperFlower ZILLION SFX 850W ATX 3.1 80 Plus Gold SF-850Z92SFG,3.690.000,+0%,,,,https://memoryzone.com.vn/nguon-may-tinh-superflower-zillion-sfx-850w-atx-3-1-80-plus-gold-sf-850z92sfg
MemoryZone,PSU - Nguồn máy tính,Nguồn máy tính SuperFlower ZILLION SFX 850W ATX 3.1 White 80 Plus Gold SF-850Z92SFG(WH),3.790.000,+0%,,,,https://memoryzone.com.vn/nguon-may-tinh-superflower-zillion-sfx-850w-atx-3-1-white-80-plus-gold-sf-850z92sfg-wh
MemoryZone,PSU - Nguồn máy tính,Nguồn máy tính Corsair RM1200e 1200W ATX 3.1 80 Plus Gold CP-9020258-NA,4.350.000,+0%,,,,https://memoryzone.com.vn/nguon-may-tinh-corsair-rm1200e-1200w-atx-3-1-80-plus-gold-cp-9020258-na
MemoryZone,PSU - Nguồn máy tính,Nguồn máy tính SuperFlower Leadex VII XG 1000W ATX 3.1 White 80 Plus Gold SF-1000F14XG-WH,4.490.000,+0%,,,,https://memoryzone.com.vn/nguon-may-tinh-superflower-leadex-vii-xg-1000w-atx3-1-white-80-plus-gold-sf-1000f14xg
MemoryZone,PSU - Nguồn máy tính,Nguồn máy tính Corsair RM1000x Shift 2025 ATX 3.1 1000W 80 Plus Gold CP-9020300-NA,4.590.000,+0%,,,,https://memoryzone.com.vn/nguon-may-tinh-corsair-rm1000x-shift-2025-atx-3-1-1000w-80-plus-gold-cp-9020300-na
MemoryZone,PSU - Nguồn máy tính,Nguồn máy tính MSI MAG A1200PLS PCIE5 1200W 80 Plus Titanium MAG-A1200PLS-PCIE5,4.900.000,+0%,,,,https://memoryzone.com.vn/nguon-may-tinh-msi-mag-a1200pls-pcie5-1200w-80-plus-titanium-mag-a1200pls-pcie5
MemoryZone,Màn hình,Màn hình MSI PRO MP225 E12VL VA 21.45 inch FHD 120Hz,1.530.000,+0%,,,,https://memoryzone.com.vn/man-hinh-msi-pro-mp225-e12vl-va-21-45-inch-fhd-120hz
MemoryZone,Màn hình,Màn hình MSI PRO MP243L E14 IPS 24 inch FHD 144Hz HDR,2.050.000,+0%,,,,https://memoryzone.com.vn/man-hinh-msi-pro-mp243l-e14-ips-24-inch-fhd-144hz-hdr
MemoryZone,Màn hình,Màn hình MSI PRO MP273L E14 IPS 27 inch FHD 144Hz HDR,2.450.000,+0%,,,,https://memoryzone.com.vn/man-hinh-msi-pro-mp273l-e14-ips-27-inch-fhd-144hz-hdr
MemoryZone,Màn hình,Màn hình 4K MSI PRO MP273UP E6 IPS 27 inch UHD 60Hz HDR,4.490.000,+0%,,,,https://memoryzone.com.vn/man-hinh-msi-pro-mp273up-e6-ips-27-inch-uhd-60hz-hdr
MemoryZone,Màn hình,Màn hình Dell Pro P2426H IPS 23.8 Inch FHD 120Hz USB-C Hub,4.570.000,+0%,,,,https://memoryzone.com.vn/man-hinh-dell-pro-p2426h-ips-23-8-inch-fhd-120hz-usb-c-hub
MemoryZone,Màn hình,Màn hình ASUS ProArt PA248QFV IPS 24 inch FHD 100Hz HDR,4.890.000,+0%,,,,https://memoryzone.com.vn/man-hinh-asus-proart-pa248qfv-ips-24-inch-fhd-100hz-hdr
MemoryZone,Màn hình,Màn hình 2K MSI MAG 274QF X24 IPS 27 inch WQHD 240Hz HDR,4.950.000,+0%,,,,https://memoryzone.com.vn/man-hinh-2k-msi-mag-274qf-x24-ips-27-inch-wqhd-240hz-hdr
MemoryZone,Màn hình,Màn hình Dell UltraSharp 24 Inch IPS 120Hz U2424H,5.190.000,+0%,,,,https://memoryzone.com.vn/man-hinh-dell-ultrasharp-24-inch-ips-120hz-u2424h
MemoryZone,Màn hình,Màn hình ASUS ProArt PA249CGV IPS 24 inch FHD 144Hz HDR USB-C Hub,5.490.000,+0%,,,,https://memoryzone.com.vn/man-hinh-asus-proart-pa249cgv-ips-24-inch-fhd-144hz-hdr-usb-c-hub
MemoryZone,Màn hình,Màn hình Dell Pro P2726H IPS 27 Inch FHD 120Hz USB-C Hub,5.680.000,+0%,,,,https://memoryzone.com.vn/man-hinh-dell-pro-p-p2726h-ips-27-inch-fhd-120hz-usb-c-hub
MemoryZone,Màn hình,Màn hình cảm ứng Corsair XENEON EDGE Smoke LCD 14.5 inch UWHD 60Hz CC-9011357-WW,6.250.000,+0%,,,,https://memoryzone.com.vn/man-hinh-cam-ung-corsair-xeneon-edge-smoke-lcd-14-5-inch-uwhd-60hz-cc-9011357-ww
MemoryZone,Màn hình,Màn hình cảm ứng Corsair XENEON EDGE Crystal LCD 14.5 inch UWHD 60Hz CC-9011356-WW,6.250.000,+0%,,,,https://memoryzone.com.vn/man-hinh-cam-ung-corsair-xeneon-edge-crystal-lcd-14-5-inch-uwhd-60hz-cc-9011356-ww
MemoryZone,Màn hình,Màn hình cảm ứng Corsair XENEON EDGE White LCD 14.5 inch UWHD 60Hz CC-9011311-WW,6.250.000,+0%,,,,https://memoryzone.com.vn/man-hinh-cam-ung-corsair-xeneon-edge-lcd-14-5-inch-uwhd-60hz-white
MemoryZone,Màn hình,Màn hình 2K Dell Pro Plus P2725D IPS 27 inch QHD 100Hz,6.890.000,+0%,,,,https://memoryzone.com.vn/man-hinh-2k-dell-pro-plus-p2725d-ips-27-inch-qhd-100hz
MemoryZone,Màn hình,Màn hình 2K ASUS ProArt PA278QGV IPS 27 inch QHD 120Hz HDR,8.290.000,+0%,,,,https://memoryzone.com.vn/man-hinh-2k-asus-proart-pa278qgv-ips-27-inch-qhd-120hz-hdr
MemoryZone,Màn hình,Màn hình 2K BenQ GW3290QT IPS 31.5 Inch QHD 75Hz USB-C Hub,9.900.000,+0%,,,,https://memoryzone.com.vn/man-hinh-2k-benq-gw3290qt-ips-31-5-inch-qhd-75hz-usb-c-hub
MemoryZone,Màn hình,Màn hình Gaming Esport BenQ ZOWIE 24.1 Inch Fast TN 280Hz XL2540X+,9.900.000,+0%,,,,https://memoryzone.com.vn/man-hinh-gaming-esport-benq-zowie-24-1-inch-fast-tn-280hz-xl2540x-plus
MemoryZone,Màn hình,Màn hình 4K ASUS ProArt PA279CRV 27 Inch IPS 60Hz PA279CRV,12.650.000,+0%,,,,https://memoryzone.com.vn/man-hinh-4k-asus-proart-27-inch-ips-60hz-pa279crv
MemoryZone,Màn hình,Màn hình 4K BenQ MA270U IPS 27 Inch UHD Nano Matte 60Hz HDR USB-C Hub,12.900.000,+0%,,,,https://memoryzone.com.vn/man-hinh-4k-benq-ma270u-ips-27-inch-uhd-nano-matte-60hz-hdr-usb-c-hub
MemoryZone,Màn hình,Màn hình 2K MSI MAG 272QP QD-OLED X24 27 inch WQHD 240Hz HDR,13.990.000,+0%,,,,https://memoryzone.com.vn/man-hinh-2k-msi-mag-272qp-qd-oled-x24-27-inch-wqhd-240hz-hdr
HACOM (Hà Nội),RAM Laptop,Ram Laptop Kingston (KVR32S22S8/16 / KVR32S22D8/16 / KVR32S22D8/16WP) 16GB (1x16GB) DDR4 3200Mhz,4.990.000,+0%,,,,https://hacom.vn/ram-laptop-kingston-kvr32s22s8-16
HACOM (Hà Nội),RAM Laptop,RAM Laptop LEXAR (LD5S16G56C46ST-BGS) 16GB (1x16GB) DDR5 5600MHz,7.990.000,+0%,,,,https://hacom.vn/ram-lexar-16gb-ddr5-5600mhz-ld5s16g56c46st-bgs
HACOM (Hà Nội),RAM Laptop,RAM Laptop KINGSTON (KVR56S46BS6-8) 8GB (1x8GB) DDR5 5600MHz,4.990.000,+0%,,,,https://hacom.vn/ram-kingston-8gb-ddr5-5600mhz-kvr56s46bs6-8
HACOM (Hà Nội),RAM Laptop,RAM Laptop KINGMAX (KM-SD4-3200-8GS) 8G (1x8GB) DDR4 3200MHz,2.990.000,+0%,,,,https://hacom.vn/ram-kingmax-8g-ddr4-3200mhz-km-sd4-3200-8gs
HACOM (Hà Nội),RAM Laptop,RAM Laptop Gskill (F4-3200C22S-8GRS) 8GB (1x8GB) DDR4 3200MHz,2.990.000,+0%,,,,https://hacom.vn/ram-gskill-8gb-ddr4-3200mhz-f4-3200c22s-8grs
HACOM (Hà Nội),RAM Laptop,RAM Laptop Gskill (F4-3200C22S-16GRS) 16GB (1x16GB) DDR4 3200MHz,4.990.000,+0%,,,,https://hacom.vn/ram-gskill-16gb-ddr4-3200mhz-f4-3200c22s-16grs
HACOM (Hà Nội),RAM Laptop,Ram Laptop Gskill Ripjaws (F5-5600S4040A16GX1-RS) 16G (1x16GB) DDR5 5600MHz,7.990.000,+0%,,,,https://hacom.vn/ram-laptop-gskill-ripjaws-rags0574
HACOM (Hà Nội),RAM Laptop,RAM Laptop TeamGroup Elite (TED48G3200C22-S01) 8GB (1x8GB) DDR4 3200MHz,2.990.000,+0%,,,,https://hacom.vn/ram-laptop-teamgroup-elite-ratg0051
HACOM (Hà Nội),RAM Laptop,Ram Laptop Lexar (LD5S08G48C40ST-BGS) 8GB (1x8GB) DDR5 4800Mhz,4.590.000,+0%,,,,https://hacom.vn/ram-laptop-lexar-ralx0036
HACOM (Hà Nội),RAM Laptop,Ram Laptop Kingston (KVR32S22S6/8 / KVR32S22S8/8 / KVR32S22S8/8WP) 8GB (1x8GB) DDR4 3200MHz,2.990.000,+0%,,,,https://hacom.vn/ram-kingston-8gb-ddr4-3200mhz-kvr32s22s6-8-kvr32s22s8-8
HACOM (Hà Nội),RAM Laptop,RAM Laptop LEXAR (LD4AS008G-R3200GSST) 8GB (1x8GB) DDR4 3200MHz,2.990.000,+0%,,,,https://hacom.vn/ram-lexar-8gb-ddr4-3200mhz-ld4as008g-r3200gsst
HACOM (Hà Nội),RAM Laptop,RAM Laptop Kingston (KVR56S46BS8-16/KVR56S46BS8-16WP) 16GB (1x16GB) DDR5 5600MHz,7.990.000,+0%,,,,https://hacom.vn/ram-kingston-16gb-ddr5-5600mhz-kvr56s46bs8-16
HACOM (Hà Nội),RAM Laptop,RAM Laptop LEXAR (LD5DS016G-B4800GSST) 16GB (1x16GB) DDR5 4800MHz,6.990.000,+0%,,,,https://hacom.vn/ram-lexar-16gb-ddr5-4800mhz-ld5ds016g-b4800gsst
HACOM (Hà Nội),RAM Laptop,Ram Laptop Transcend (JM3200HSB-8G) 8GB (1x8GB) DDR4 3200MHz,2.990.000,+0%,,,,https://hacom.vn/ram-laptop-transcend-jm3200hsb-8g-8g-1x8gb-ddr4-3200mhz
HACOM (Hà Nội),RAM Laptop,RAM Laptop KINGSTON (KVR56S46BD8-32) 32GB (1x32GB) DDR5 5600MHz,16.990.000,+0%,,,,https://hacom.vn/ram-kingston-32gb-ddr5-5600mhz-kvr56s46bd8-32
HACOM (Hà Nội),RAM Laptop,Ram Laptop Adata (AD4S32008G22-SGN) 8GB (1x 8GB) DDR4 3200Mhz,2.990.000,+0%,,,,https://hacom.vn/ram-laptop-adata-ad4s32008g22-sgn-8gb-1x-8gb-ddr4-3200mhz
HACOM (Hà Nội),RAM Laptop,Ram Laptop Corsair Vengeance (CMSX16GX5M1A5600C48) 16GB (1x16GB) DDR5 5600MHz,5.990.000,+0%,,,,https://hacom.vn/ram-laptop-corsair-vengeance-cmsx16gx5m1a5600c48-16gb-1x16gb-ddr5-5600mhz
HACOM (Hà Nội),RAM Laptop,RAM Laptop LEXAR (LD4AS016G-B3200GSST) 16GB (1x16GB) DDR4 3200MHz,4.990.000,+0%,,,,https://hacom.vn/ram-lexar-16gb-ddr4-3200mhz-ld4as016g-b3200gsst
HACOM (Hà Nội),RAM Laptop,Ram Laptop Corsair Vengeance (CMSX8GX4M1A3200C22) 8GB (1x8GB) DDR4 3200MHz,2.990.000,+0%,,,,https://hacom.vn/ram-laptop-corsair-vengeance-cmsx8gx4m1a3200c22-8gb-1x8gb-ddr4-3200mhz
HACOM (Hà Nội),RAM Laptop,RAM Laptop KINGMAX (KM-SD4-3200-16GRS) 16G (1x16GB) DDR4 3200MHz,4.990.000,+0%,,,,https://hacom.vn/ram-kingmax-16g-ddr4-3200mhz-km-sd4-3200-16grs
HACOM (Hà Nội),RAM Laptop,Ram Laptop Corsair Vengeance (CMSX16GX4M1A3200C22) 16GB (1x16GB) DDR4 3200MHz,4.990.000,+0%,,,,https://hacom.vn/ram-laptop-corsair-vengeance-cmsx16gx4m1a3200c22-16gb-1x16gb-ddr4-3200mhz
HACOM (Hà Nội),RAM Laptop,RAM Laptop PNY XLR8 (MN8GSD43200XR-RB) 8GB (1x8GB) DDR4 3200MHz,1.999.000,+0%,,,,https://hacom.vn/ram-pny-xlr8-rgb-8gb-ddr4-3200mhz-mn8gsd43200xr-rb
HACOM (Hà Nội),RAM Laptop,Ram Laptop Transcend (JM3200HSE-16G) 16GB (1x16GB) DDR4 3200MHz,4.990.000,+0%,,,,https://hacom.vn/ram-laptop-transcend-jm3200hsb-16g-16g-1x16gb-ddr4-3200mhz
HACOM (Hà Nội),RAM Laptop,Ram Laptop Lexar 4GB DDR4 3200Mhz (KM cho Lap Acer LTAC839),499.000,+0%,,,,https://hacom.vn/ram-laptop-lexar-4gb-ddr4-3200mhz
HACOM (Hà Nội),SSD,Ổ Cứng SSD KINGSTON SKC600 256GB 2.5 inch SATA III (Đọc 550MB/s - Ghi 500MB/s) - (SKC600/256GB),2.990.000,+0%,,,,https://hacom.vn/o-cung-ssd-kingston-skc600-256gb-2.5-inch-sata-iii
HACOM (Hà Nội),SSD,Ổ Cứng SSD LEXAR NM620 256GB – M.2 2280 PCIe Gen3 x4 (Đọc 3000MB/s - Ghi 1300MB/s) - (LNM620X256G-RNNNG),1.990.000,,,,,https://hacom.vn/o-cung-ssd-lexar-nm620-256gb-m.2-2280-pcie-gen3-x4
HACOM (Hà Nội),SSD,Ổ Cứng SSD LEXAR NS100 256GB 2.5 inch SATA III (Đọc 520MB/s - Ghi 450MB/s) - (LNS100-256RB),1.990.000,+0%,,,,https://hacom.vn/o-cung-ssd-lexar-ns100-256gb-2.5-inch-sata-ii
HACOM (Hà Nội),SSD,Ổ Cứng SSD KINGMAX Zeus PQ3480 256GB – M.2 2280 PCIe Gen3 x4 (Đọc 2250MB/s - Ghi 1200MB/s) - (KMAXPQ3480256G),1.990.000,+0%,,,,https://hacom.vn/o-cung-ssd-kingmax-zeus-pq3480-256gb-m.2-2280-pcie-gen3-x4
HACOM (Hà Nội),SSD,Ổ Cứng SSD Samsung 990 Pro 1TB – M.2 2280 PCIe Gen4 x4 (Đọc 7450MB/s - Ghi 6900MB/s) - (MZ-V9P1T0BW),8.990.000,+0%,,,,https://hacom.vn/o-cung-ssd-samsung-990-pro-1tb-m.2-2280-pcie-gen4-x4
HACOM (Hà Nội),SSD,Ổ Cứng SSD KINGSTON SNV3S 1TB – M.2 2280 PCIe Gen4 x4 (Đọc 6000MB/s - Ghi 4000MB/s) - (SNV3S/1000G),5.990.000,+0%,,,,https://hacom.vn/o-cung-ssd-kingston-snv3s-1tb-m.2-2280-pcie-gen4-x4
HACOM (Hà Nội),SSD,Ổ Cứng SSD KINGSTON SNV3S 500GB – M.2 2280 PCIe Gen4 x4 (Đọc 5000MB/s - Ghi 3000MB/s) - (SNV3S/500G),3.990.000,+0%,,,,https://hacom.vn/o-cung-ssd-kingston-snv3s-500gb-m.2-2280-pcie-gen4-x4
HACOM (Hà Nội),SSD,Ổ Cứng SSD LEXAR NS100 512GB 2.5 inch SATA III (Đọc 550MB/s - Ghi 500MB/s) - (LNS100-512RB),3.990.000,+0%,,,,https://hacom.vn/o-cung-ssd-lexar-ns100-512gb-2.5-inch-sata-iii
HACOM (Hà Nội),SSD,Ổ Cứng SSD KINGSTON KC3000 2048GB – M.2 2280 PCIe Gen4 x4 (Đọc 7000MB/s - Ghi 7000MB/s)-(SKC3000D/2048G),15.990.000,+0%,,,,https://hacom.vn/o-cung-ssd-kingston-kc3000-2048gb-m.2-2280-pcie-gen4-x4-
HACOM (Hà Nội),SSD,Ổ Cứng SSD Samsung 990 EVO Plus 1TB – M.2 2280 PCIe Gen4 x4 ( Đọc 7250MB/s - Ghi 6300MB/s) - (MZ-V9S1T0BW),8.990.000,+0%,,,,https://hacom.vn/o-cung-ssd-samsung-990-evo-plus-1tb-m.2-2280-pcie-gen4-x4
HACOM (Hà Nội),SSD,Ổ Cứng SSD TeamGroup MP33 512GB – M.2 2280 PCIe Gen3 x4 (Đọc 1700MB/s - Ghi 1400MB/s) - (TM8FP6512G0C101),2.990.000,+0%,,,,https://hacom.vn/o-cung-ssd-teamgroup-mp33-512gb-m.2-2280-pcie-gen3-x4
HACOM (Hà Nội),SSD,Ổ Cứng SSD TeamGroup CX2 512GB 2.5 inch SATA III (Đọc 530MB/s - Ghi 470MB/s) - (T253X6512G0C101),2.999.000,+0%,,,,https://hacom.vn/o-cung-ssd-teamgroup-cx2-512gb-2.5-inch-sata-iii
HACOM (Hà Nội),SSD,Ổ Cứng SSD Gigabyte 4000E 500GB – M.2 2280 PCIe Gen4 x4 (Đọc 3600MB/s - Ghi 3000MB/s) - (G440E500G),3.990.000,+0%,,,,https://hacom.vn/o-cung-ssd-gigabyte-4000e-500gb-m.2-2280-pcie-gen4-x4
HACOM (Hà Nội),SSD,Ổ Cứng SSD WD SN7100 Black 1TB – M.2 2280 PCIe Gen4 x4 (Đọc 7250MB/s - Ghi 6900MB/s) - (WDS100T4X0E),8.990.000,+0%,,,,https://hacom.vn/o-cung-ssd-wd-sn7100-black-1tb-m.2-2280-pcie-gen4-x4
HACOM (Hà Nội),SSD,Ổ Cứng SSD Colorful SL500 256GB 2.5 inch SATA III ( Đọc 500MB/s - Ghi 450MB/s) - (SL500256GB),1.990.000,+0%,,,,https://hacom.vn/o-cung-ssd-colorful-sl500-256gb-2.5-inch-sata-iii-doc-500mb-s-ghi-450mb-s-sl500256gb
HACOM (Hà Nội),SSD,Ổ Cứng SSD WD SN7100 Black 500GB – M.2 2280 PCIe Gen4 x4 (Đọc 6800MB/s - Ghi 5800MB/s) - (WDS500G4X0E),4.990.000,+0%,,,,https://hacom.vn/o-cung-ssd-wd-sn7100-black-500gb-m.2-2280-pcie-gen4-x4
HACOM (Hà Nội),SSD,Ổ Cứng SSD TeamGroup VULCAN Z 512GB 2.5 inch SATA III (Đọc 540MB/s - Ghi 470MB/s) - (T253TZ512G0C101),2.999.000,+0%,,,,https://hacom.vn/o-cung-ssd-teamgroup-vulcan-z-512gb-2.5-inch-sata-iii-doc-540mb-s-ghi-470mb-s-t253tz512g0c101
HACOM (Hà Nội),SSD,Ổ Cứng SSD TeamGroup VULCAN Z 256GB 2.5 inch SATA III (Đọc 520MB/s - Ghi 450MB/s) - (T253TZ256G0C101),1.990.000,+0%,,,,https://hacom.vn/o-cung-ssd-teamgroup-vulcan-z-256gb-2.5-inch-sata-iii-doc-520mb-s-ghi-450mb-s-t253tz256g0c101
HACOM (Hà Nội),SSD,Ổ Cứng SSD Samsung 990 EVO Plus 4TB – M.2 2280 PCIe Gen4 x4 ( Đọc 7250MB/s - Ghi 6300MB/s) - (MZ-V9S4T0BW),36.990.000,+0%,,,,https://hacom.vn/o-cung-ssd-samsung-990-evo-plus-4tb-m.2-2280-pcie-gen4-x4
HACOM (Hà Nội),SSD,Ổ Cứng SSD KINGMAX SMV32 240GB 2.5 inch SATA III (Đọc 500MB/s - Ghi 410MB/s),1.990.000,+0%,,,,https://hacom.vn/o-cung-ssd-kingmax-smv32-240gb-2.5-inch-sata-iii
HACOM (Hà Nội),SSD,"Ổ cứng SSD Gigabyte 240GB SATA 2,5 inch (Đoc 500MB/s, Ghi 420MB/s) - (GP-GSTFS31240GNTD)",1.990.000,+0%,,,,https://hacom.vn/o-cung-ssd-gigabyte-240gb-sata-2-5-inch
HACOM (Hà Nội),SSD,"Ổ Cứng SSD Samsung 9100 Pro 1TB – M.2 2280 PCIe Gen5 x4 ( Đọc 14,700MB/s - Ghi 13,000MB/s) - (MZ-VAP1T0BW)",10.990.000,+0%,,,,https://hacom.vn/o-cung-ssd-samsung-9100-pro-1tb-m.2-2280-pcie-gen5-x4
HACOM (Hà Nội),SSD,Ổ Cứng SSD LEXAR NQ710 500GB – M.2 2280 PCIe Gen4 x4 (Đọc 5000MB/s - Ghi 2600MB/s) - (LNQ710X500G-RNNNG),3.990.000,+0%,,,,https://hacom.vn/o-cung-ssd-lexar-nq710-500gb-m.2-2280-pcie-gen4-x4
HACOM (Hà Nội),SSD,Ổ Cứng SSD Transcend 110S 256GB – M.2 2280 PCIe Gen3 x4 (Đọc 1600MB/s - Ghi 1000MB/s)-(TS256GMTE110S),1.990.000,,,,,https://hacom.vn/o-cung-ssd-transcend-110s-256gb-m2-2280-pcie-gen3-x4-hdts0015
HACOM (Hà Nội),Laptop,Laptop Asus Gaming TUF FA608UM-RV266W (R7 260/16GB RAM/512GB SSD/16 FHD 165hz/RTX 5060 8GB/Win11/Xám),44.999.000,+0%,,,,https://hacom.vn/laptop-asus-gaming-tuf-fa608um-rv266w-ltau1071
HACOM (Hà Nội),Laptop,Laptop Apple Macbook Air M5 MDH84SA/A (Apple M5/10 core CPU/10 core GPU/16GB RAM/1TB SSD/13.6 inch/Mac OS/Silver),44.389.000,+0%,,,,https://hacom.vn/laptop-apple-macbook-air-m5-mdh84saa-ltma0283
HACOM (Hà Nội),Laptop,Laptop Gigabyte A16 (A16-CMHI2VN893SH) (i7 13620H/16GB RAM/512GB SSD/RTX 4050 6G/WF6E/16.0FHD+ 165Hz/Win 11/Đen),33.999.000,+3%,,,,https://hacom.vn/laptop-gigabyte-a16-a16-cmhi2vn893sh-ltgi0066
HACOM (Hà Nội),Laptop,Laptop Gigabyte Gaming A16 (A16-CTHH3VN893SH) (i5 13420H/16GB RAM (1*16GB)/512GB SSD/RTX 5050 8G/WF6E/16.0 inch FHD+ 165Hz/Win 11/Đen),35.999.000,+0%,,,,https://hacom.vn/laptop-gigabyte-gaming-a16-a16-cthh3vn893sh
HACOM (Hà Nội),Laptop,Laptop Acer Aspire Go AG15-72P-54GY (NX.JRRSV.002) Core 5-120U/16GB RAM DDR4/512GSSD/15.6 inch FHD/Win 11 SL/Bạc),21.999.000,+0%,,,,https://hacom.vn/laptop-acer-aspire-go-ag15-72p-54gy-ltac1001
HACOM (Hà Nội),Laptop,Laptop Gigabyte A16 3THK3VN893SH (Nvidia RTX 5050 8G/R7 260/16GB RAM D5/512GB SSD/WF6E/16.0 inch FHD+ 165Hz/Win 11/Đen),38.999.000,,,,,https://hacom.vn/laptop-gigabyte-a16-3thk3vn893sh-ltgi0069
HACOM (Hà Nội),Laptop,Laptop Asus VivoBook S3407QA-SF043W (X1 26 100/ 16GB RAM D5X/ 512GB SSD/ 14 OLED/ W6E/ BT / Win11SL/ Xám),25.999.000,+0%,,,,https://hacom.vn/laptop-asus-vivobook-s3407qa-sf043w-ltau1098
HACOM (Hà Nội),Laptop,Laptop Asus Gaming V3607VJ-TK189W (Core 5 210H/ 16GB RAM D5/ 512B SSD/ 16 WUXGA 144hz/ RTX 3050 6GB/ W6/ BT/ Win11H/ Đen),40.999.000,+0%,,,,https://hacom.vn/laptop-asus-gaming-v3607vj-tk189w-ltau1102
HACOM (Hà Nội),Laptop,Laptop Acer Aspire 7 A715-59G-59RD (NH.DXUSV.001) (Core 5-210H/16GB RAM/512GB SSD/RTX 3050 4GB/15.6 inch FHD 144Hz/Win 11/Đen),26.999.000,+0%,,,,https://hacom.vn/laptop-acer-aspire-7-a715-59g-59rd-ltac1037
HACOM (Hà Nội),Laptop,Laptop Acer Aspire Go 15 AI AG15-52P-52WT (NX.JWKSV.001) (Ultra 5 115U/16GB RAM/512GB SSD/15.6 inch FHD/Win 11/Bạc),25.999.000,+0%,,,,https://hacom.vn/laptop-acer-aspire-go-ag15-52p-52wt-ltac1030
HACOM (Hà Nội),Laptop,Laptop Asus VivoBook E1404FA-EB935W (R5 40/16GB RAM/512GB SSD/14 FHD/Win11/Bạc),20.990.000,+0%,,,,https://hacom.vn/laptop-asus-vivobook-e1404fa-eb935w-ltau1082
HACOM (Hà Nội),Laptop,Laptop Acer Gaming Nitro ProPanel AI ANV16S-61-R9ZV (NH.QXPSV.002) (AMD Ryzen™ AI 7 350/32GB/1TB SSD/GeForce RTX 5060 8GB/16 inch 2K 180Hz/Win 11/Đen),55.999.000,+0%,,,,https://hacom.vn/laptop-acer-gaming-nitro-v-16s-ai-anv16s-61-r9zv-nh.qxpsv.002
HACOM (Hà Nội),Laptop,Laptop HP OmniBook 7 14-fr0033TU (C1MN2PA) (Ultra 5 225U/16GB RAM/512GB SSD/14 WUXGA/Win11&OfficeHS24+365/Bạc),30.999.000,+0%,,,,https://hacom.vn/laptop-hp-omnibook-7-14-fr0033au-c1mn2pa
HACOM (Hà Nội),Laptop,Laptop HP OmniBook 5 16-ag1068AU (BZ7T0PA) (Ryzen AI 5 340/16GB RAM/512GB SSD/16 WUXGA Cảm ứng /Win11&OfficeHS24+365/Bạc),28.699.000,+0%,,,,https://hacom.vn/laptop-hp-omnibook-5-16-ag1068au-bz7t0pa
HACOM (Hà Nội),Laptop,Laptop Asus ExpertBook B3405CCA-LY0080W (U7 255H/16GB RAM/512GB SSD/14 WUXGA/Win11/Xám),34.999.000,+0%,,,,https://hacom.vn/laptop-asus-expertbook-b3405cca-ly0080w-ltau1081
HACOM (Hà Nội),Laptop,Laptop HP OmniBook 5 16-ag1067AU (BZ7U5PA) (Ryzen AI 7 350/16GB RAM/512GB SSD/16 WUXGA/Win11&OfficeHS24+365/Bạc),28.199.000,+0%,,,,https://hacom.vn/laptop-hp-omnibook-5-16-ag1067au-bz7u5pa
HACOM (Hà Nội),Laptop,Laptop Asus Gaming TUF FX610JH-TU009W ( i7-14650HX/16GB D5/512GB SSD/RTX 5050 8GB/16 WUXGA IPS/Win11H/Đen),49.999.000,+0%,,,,https://hacom.vn/laptop-asus-gaming-tuf-fx610jh-tu009w-ltau1150
HACOM (Hà Nội),Laptop,Laptop Dell 15 DC15250 5315BLK-1XVHG (i5 1334U 16GB/512GB SSD/15.6 inch FHD Cảm ứng/Win11H/Đen) (NK_Bảo hành tại HACOM),21.999.000,+0%,,,,https://hacom.vn/laptop-dell-15-dc15250-5315blk-1xvhg-ltdl0674
HACOM (Hà Nội),Laptop,Laptop Dell Pro 15 Essential PV15250-VKVKD (Core 3 100U 8GB/512GB SSD/15.6 inch FHD/Ubuntu/Đen) (NK_Bảo hành tại HACOM),16.999.000,+0%,,,,https://hacom.vn/laptop-dell-pro-15-essential-pv15250-vkvkd-ltdl0675
HACOM (Hà Nội),Laptop,Laptop Lenovo V14 G5 83HD0062VA (i5 13420H/16GB RAM/512GB SSD/14 FHD/Dos/Xám),24.999.000,+0%,,,,https://hacom.vn/laptop-lenovo-v14-g5-83hd0062va-ltlv0289
HACOM (Hà Nội),Laptop,Laptop Dell 15 DC15250 5434BLK-M4CFY (i5 1334U 8GB RAM D5/512GB SSD/15.6 inch FHD Cảm ứng/Win11/Đen) (NK_Bảo hành tại HACOM),18.999.000,+0%,,,,https://hacom.vn/laptop-dell-15-dc15250-5434blk-m4cfy-ltdl0705
HACOM (Hà Nội),Laptop,Laptop Dell 16 DC16250-C7U161W11BLU (Core7 150U/16GB RAM DDR5/1TB SSD/16 inch FHD+ Cảm ứng/Win11 Home/Office Home 2024/Đen),32.999.000,+0%,,,,https://hacom.vn/laptop-dell-16-dc16250-c7u161w11blu-ltdl0641
HACOM (Hà Nội),Laptop,Laptop Acer Aspire Lite AL14-45P-R7Z3 (NX.DPESV.002) (R3 5400U/8GB/512GB SSD/14 inch FHD+/Win 11 Home/Bạc),16.999.000,+0%,,,,https://hacom.vn/laptop-acer-aspire-lite-al14-45p-r7z3-ltac1033
HACOM (Hà Nội),Laptop,Laptop Dell 16 DC16251 P131F001 (Core 5 120U/16GB DDR5/512GB SSD/16 inch FHD+/Cảm ứng/Win11/Bạc) (NK_Bảo hành tại HACOM),24.999.000,,,,,https://hacom.vn/laptop-dell-16-dc16251-p131f001-ltdl0692
HACOM (Hà Nội),HDD,"Ổ cứng HDD WD Ultrastar DC HA340 8TB 3.5 inch, 7200RPM, SATA, 256MB Cache (WUS721208BLE6L4)",13.999.000,+0%,,,,https://hacom.vn/o-cung-hdd-wd-ultrastar-dc-ha340-8tb-35-inch-7200rpm-sata-256mb-cache-hdwd0585
HACOM (Hà Nội),HDD,"Ổ Cứng HDD SEAGATE Barracuda 2TB 3.5 inch 7200RPM, SATA III, 256MB Cache (ST2000DM008)",4.990.000,+0%,,,,https://hacom.vn/o-cung-hdd-seagate-barracuda-2tb-3.5-inch-7200rpm-sata-iii-256mb-cache
HACOM (Hà Nội),HDD,"Ổ Cứng HDD SEAGATE Barracuda 4TB 3.5 inch 5400RPM, SATA III, 256MB Cache (ST4000DM004)",5.990.000,+0%,,,,https://hacom.vn/o-cung-hdd-seagate-barracuda-4tb-3.5-inch-5400rpm-sata-iii-256mb-cache
HACOM (Hà Nội),HDD,"Ổ Cứng HDD WD 2TB Blue 3.5 inch, 7200RPM, SATA III, 256MB Cache (WD20EZBX)",4.990.000,+0%,,,,https://hacom.vn/o-cung-hdd-wd-2tb-blue-3.5-inch-7200rpm-sata-iii-256mb-cache
HACOM (Hà Nội),HDD,"Ổ Cứng HDD SEAGATE SkyHawk AI 8TB 3.5 inch, 7200R, SATA III, 256MB Cache (ST8000VE001)",12.990.000,+0%,,,,https://hacom.vn/o-cung-hdd-seagate-skyhawk-ai-8tb-3.5-inch-7200r-sata-iii-256mb-cache
HACOM (Hà Nội),HDD,"Ổ Cứng HDD SEAGATE SkyHawk AI 10TB 3.5 inch, 7200RPM, SATA III, 256MB Cache (ST10000VE001)",15.990.000,+0%,,,,https://hacom.vn/o-cung-hdd-seagate-skyhawk-ai-10tb-3.5-inch-7200rpm-sata-iii-256mb-cache
HACOM (Hà Nội),HDD,"Ổ Cứng HDD WD 2TB Purple 3.5 inch, 5400RPM, SATA III, 64MB Cache (WD23PURZ)",4.890.000,+0%,,,,https://hacom.vn/o-cung-hdd-wd-2tb-purple-3.5-inch-5400rpm-sata-iii-64mb-cache
HACOM (Hà Nội),HDD,"Ổ Cứng HDD SEAGATE SkyHawk 1TB 3.5 inch, 5400RPM, SATA III, 256MB Cache (ST1000VX013)",3.990.000,+0%,,,,https://hacom.vn/o-cung-hdd-seagate-skyhawk-1tb-3.5-inch-5400rpm-sata-iii-256mb-cache
HACOM (Hà Nội),HDD,"Ổ Cứng HDD SEAGATE SkyHawk 2TB 3.5 inch, 5400RPM, SATA III, 256MB Cache (ST2000VX017)",4.990.000,+0%,,,,https://hacom.vn/o-cung-hdd-seagate-skyhawk-2tb-3.5-inch-5400rpm-sata-iii-256mb-cache
HACOM (Hà Nội),HDD,"Ổ cứng HDD Synology Plus HAT3300 4TB 3.5 inch 5400rpm, SATA 6Gb/s",7.889.000,+0%,,,,https://hacom.vn/o-cung-hdd-synology-plus-hat3300-4tb-3hdsy0022
HACOM (Hà Nội),HDD,"Ổ Cứng HDD SEAGATE Ironwolf Pro 16TB 3.5 inch, 7200RPM, SATA III, 256MB Cache (ST16000NT001)",25.990.000,+0%,,,,https://hacom.vn/o-cung-hdd-seagate-ironwolf-pro-16tb-3.5-inch-7200rpm-sata-iii-256mb-cache
HACOM (Hà Nội),HDD,"Ổ Cứng HDD Hikvision 4TB 3.5 inch, 5400RPM, SATA III, 128MB Cache - chuyên dụng Camera (DS-40HKVS-VX1)",4.990.000,+0%,,,,https://hacom.vn/o-cung-hdd-hikvision-4tb-3.5-inch-5400rpm-sata-iii-128mb-cache-chuyen-dung-camera-ds-40hkvs-vx1
HACOM (Hà Nội),HDD,"Ổ Cứng HDD SEAGATE Skyhawk 6TB 3.5 inch, 5400RPM, SATA III, 256MB Cache (ST6000VX009)",8.990.000,,,,,https://hacom.vn/o-cung-hdd-seagate-skyhawk-6tb-3.5-sata-st6000vx009
HACOM (Hà Nội),HDD,"Ổ Cứng HDD WD 6TB Red Plus 3.5 inch, 5400RPM, SATA III, 256MB Cache (WD60EFPX)",9.990.000,+0%,,,,https://hacom.vn/o-cung-hdd-wd-6tb-red-plus-3.5-inch-5400rpm-sata-iii-254mb-cache
HACOM (Hà Nội),HDD,"Ổ Cứng HDD WD Purple 8TB 3.5 inch, 5640RPM, SATA III, 256MB Cache (WD85PURZ)",11.990.000,+0%,,,,https://hacom.vn/o-cung-hdd-wd-purple-8tb-3.5-inch-5640rpm-sata-iii-256mb-cache
HACOM (Hà Nội),HDD,"Ổ Cứng HDD WD Purple Pro 10TB 3.5 inch, 7200RPM, SATA III, 512MB Cache (WD102PURP)",15.990.000,+0%,,,,https://hacom.vn/o-cung-hdd-wd-purple-pro-10tb-3.5-inch-7200rpm-sata-iii-512mb-cache
HACOM (Hà Nội),HDD,"Ổ Cứng HDD WD 1TB Blue 3.5 inch, 5400RPM, SATA III, 64MB Cache (WD10EARZ)",4.590.000,+0%,,,,https://hacom.vn/o-cung-hdd-wd-1tb-blue-35-inch-5400rpm-sata-iii-64mb-cache-hdwd0570
HACOM (Hà Nội),HDD,"Ổ Cứng HDD WD 4TB Red Plus 3.5 inch, 5400RPM, SATA III, 128MB Cache (WD40EFZZ)",6.990.000,+0%,,,,https://hacom.vn/o-cung-hdd-wd-4tb-red-plus-35-inch-5400rpm-sata-iii-128mb-cache-hdwd0581
HACOM (Hà Nội),HDD,"Ổ Cứng HDD Seagate SkyHawk 4TB 3.5 inch, 5400RPM, SATA III, 256MB Cache (ST4000VX015)",5.990.000,+0%,,,,https://hacom.vn/o-cung-hdd-seagate-skyhawk-4tb-35-inch-5400rpm-sata-iii-256mb-cache-hdse0381
HACOM (Hà Nội),HDD,"Ổ Cứng HDD WD 2TB Blue 3.5 inch, 5400RPM, SATA III, 64MB Cache (WD20EARZ)",4.990.000,+0%,,,,https://hacom.vn/o-cung-hdd-wd-2tb-blue-35-inch-5400rpm-sata-iii-64mb-cache-hdwd0609
HACOM (Hà Nội),HDD,"Ổ Cứng HDD SEAGATE IronWolf 8TB 3.5 inch, 7200RPM, SATA III, 256MB Cache (ST8000VN004)",11.990.000,+0%,,,,https://hacom.vn/o-cung-hdd-seagate-ironwolf-8tb-3.5-inch-7200rpm-sata-iii-256mb-cache
HACOM (Hà Nội),HDD,"Ổ Cứng HDD WD 4TB Purple 3.5 inch, 5400RPM, SATA III, 256MB Cache (WD43PURZ)",6.590.000,+0%,,,,https://hacom.vn/o-cung-hdd-wd-4tb-purple-3.5-inch-5400rpm-sata-iii-256mb-cache
HACOM (Hà Nội),HDD,Ổ cứng HDD WD Gold (2TB/3.5 inch/SATA 3/128MB Cache/7200RPM) (WD2005FBYZ),4.500.000,+0%,,,,https://hacom.vn/hdd-wd-gold-2tb35sata-3128mb-cache7200rpm-wd2005fbyz
HACOM (Hà Nội),HDD,"Ổ Cứng HDD SEAGATE BarraCuda 1TB 3.5 inch, 7200RPM, SATA III, 256MB Cache (ST1000DM014)",4.590.000,+0%,,,,https://hacom.vn/o-cung-hdd-seagate-barracuda-1tb-3.5-inch-7200rpm-sata-iii-256mb-cache
HACOM (Hà Nội),VGA - Card màn hình,Card màn hình Gigabyte RTX 5070 WINDFORCE OC SFF 12G GDDR7 (GV-N5070WF3OC-12GD),27.999.000,+0%,,,,https://hacom.vn/card-man-hinh-gigabyte-rtx-5070-windforce-oc-sff-12g-gddr7-gv-n5070wf3oc-12gd
HACOM (Hà Nội),VGA - Card màn hình,Card màn hình Gigabyte RTX 5060 WINDFORCE MAX OC 8GB,14.999.000,+0%,,,,https://hacom.vn/card-man-hinh-gigabyte-rtx-5060-windforce-max-oc-8gb-vggi0734
HACOM (Hà Nội),VGA - Card màn hình,Card màn hình Gigabyte RTX 3050 WINFORCE OC V2-6G,6.599.000,+0%,,,,https://hacom.vn/card-man-hinh-gigabyte-rtx-3050-winforce-oc-v2-6g
HACOM (Hà Nội),VGA - Card màn hình,Card màn hình Asus ROG ASTRAL RTX 5090 32G GAMING GDDR7 OC,199.999.000,+0%,,,,https://hacom.vn/card-man-hinh-asus-rog-astral-rtx-5090-32g-gaming-gddr7-oc
HACOM (Hà Nội),VGA - Card màn hình,Card màn hình Asus DUAL-RTX 3050-6G,6.599.000,+0%,,,,https://hacom.vn/card-man-hinh-asus-dual-rtx-3050-6g
HACOM (Hà Nội),VGA - Card màn hình,Card màn hình Asus DUAL-RTX 3050-O6G,6.599.000,+0%,,,,https://hacom.vn/card-man-hinh-asus-dual-rtx-3050-o6g
HACOM (Hà Nội),VGA - Card màn hình,Card màn hình Asus DUAL RTX 5060 8G OC GDDR7 (DUAL-RTX5060-O8G),14.999.000,+0%,,,,https://hacom.vn/card-man-hinh-asus-dual-rtx-5060-8g-oc-gddr7-dual-rtx5060-o8g
HACOM (Hà Nội),VGA - Card màn hình,Card màn hình Asus DUAL RTX 3050-O8G-V2,7.999.000,+0%,,,,https://hacom.vn/card-man-hinh-asus-dual-rtx-3050-o8g-v2
HACOM (Hà Nội),VGA - Card màn hình,Card màn hình Asus ROG ASTRAL RTX 5080 16G GAMING GDDR7 OC,69.999.000,+0%,,,,https://hacom.vn/card-man-hinh-asus-rog-astral-rtx-5080-o16g-gaming
HACOM (Hà Nội),VGA - Card màn hình,Card màn hình Asus TUF GAMING RTX 5090 32G GDDR7 OC,189.999.000,,,,,https://hacom.vn/card-man-hinh-asus-tuf-rtx-5090-32g-gddr7-oc
HACOM (Hà Nội),VGA - Card màn hình,Card màn hình Asus PRIME RTX 5070 12G OC,29.999.000,+0%,,,,https://hacom.vn/card-man-hinh-asus-prime-rtx-5070-12g-oc
HACOM (Hà Nội),VGA - Card màn hình,Card màn hình Asus ROG STRIX RTX 5070TI 16G GAMING GDDR7 OC,45.999.000,,,,,https://hacom.vn/card-man-hinh-asus-rog-strix-rtx-5070ti-16g-gaming-gddr7-oc
HACOM (Hà Nội),VGA - Card màn hình,Card màn hình ASUS DUAL GeForce RTX 5050-8G OC GDDR6,10.599.000,+0%,,,,https://hacom.vn/card-man-hinh-asus-dual-geforce-rtx-5050-8g-oc-gddr6
HACOM (Hà Nội),VGA - Card màn hình,Card màn hình Asus PRIME RX 9070XT-O16G,27.999.000,+0%,,,,https://hacom.vn/card-man-hinh-asus-prime-rx-9070xt-o16g
HACOM (Hà Nội),VGA - Card màn hình,Card màn hình Asus DUAL RTX 5060 Ti 16G OC,23.999.000,+0%,,,,https://hacom.vn/vga-asus-dual-rtx-5060-ti-16g-oc
HACOM (Hà Nội),VGA - Card màn hình,Card màn hình Gigabyte RTX 5060 Ti WINDFORCE MAX OC 8GB,16.999.000,+0%,,,,https://hacom.vn/card-man-hinh-gigabyte-rtx-5060-ti-windforce-max-oc-12gb-vggi0735
HACOM (Hà Nội),VGA - Card màn hình,"Card màn hình MSI RTX 3060 VENTUS 2X OC 12 GB (12GB GDDR6, 192-bit, HDMI +DP, 1x8-pin)",12.999.000,+0%,,,,https://hacom.vn/card-man-hinh-msi-rtx-3060-ventus-2x-oc-12-gb
HACOM (Hà Nội),VGA - Card màn hình,Card màn hình Asus DUAL-RTX 3060-O12G-V2,11.999.000,+0%,,,,https://hacom.vn/card-man-hinh-asus-dual-rtx-3060-o12g-v2
HACOM (Hà Nội),VGA - Card màn hình,Card màn hình Gigabyte RX 6500 XT EAGLE-4GD,4.999.000,+0%,,,,https://hacom.vn/card-man-hinh-gigabyte-rx-6500-xt-eagle-4gd
HACOM (Hà Nội),VGA - Card màn hình,Card màn hình Gigabyte RTX 3060 WINDFORCE OC 12G,11.999.000,+0%,,,,https://hacom.vn/card-man-hinh-gigabyte-rtx-3060-windforce-oc-12g
HACOM (Hà Nội),VGA - Card màn hình,Card màn hình Asus DUAL-RX 6500 XT-O4G-V2,4.999.000,+0%,,,,https://hacom.vn/card-man-hinh-asus-dual-rx-6500-xt-o4g-v2
HACOM (Hà Nội),VGA - Card màn hình,Card màn hình MSI RTX 3050 VENTUS 2X 6G OC,6.599.000,+0%,,,,https://hacom.vn/card-man-hinh-msi-rtx-3050-ventus-2x-6g-oc
HACOM (Hà Nội),VGA - Card màn hình,Card màn hình MSI RTX 3050 VENTUS 2X XS 8G OC,7.999.000,+0%,,,,https://hacom.vn/card-man-hinh-msi-rtx-3050-ventus-2x-xs-8g-oc
HACOM (Hà Nội),VGA - Card màn hình,Card màn hình Gigabyte RTX 3050 WINDFORCE OC V2 8G,7.999.000,+0%,,,,https://hacom.vn/card-man-hinh-gigabyte-rtx-3050-windforce-oc-v2-8g
HACOM (Hà Nội),Mainboard,Mainboard ASUS TUF GAMING B760M-PLUS WIFI D4,4.799.000,+0%,,,,https://hacom.vn/mainboard-asus-tuf-gaming-b760m-plus-wifi-d4
HACOM (Hà Nội),Mainboard,Mainboard ASUS TUF GAMING Z890-PLUS WIFI DDR5,8.999.000,+0%,,,,https://hacom.vn/mainboard-asus-tuf-gaming-z890-plus-wifi-ddr5
HACOM (Hà Nội),Mainboard,Mainboard Gigabyte B860M GAMING X WIFI 6E,5.899.000,+0%,,,,https://hacom.vn/mainboard-gigabyte-b860m-gaming-x-wifi-6e
HACOM (Hà Nội),Mainboard,Mainboard ASUS PRIME Z890-P-CSM DDR5,6.599.000,+0%,,,,https://hacom.vn/mainboard-asus-prime-z890-p-csm-mbas0873
HACOM (Hà Nội),Mainboard,Mainboard ASUS TUF GAMING B760M-PLUS D4,3.999.000,+0%,,,,https://hacom.vn/mainboard-asus-tuf-gaming-b760m-plus-d4
HACOM (Hà Nội),Mainboard,Mainboard ASUS PRIME B760M-K D4,3.299.000,+0%,,,,https://hacom.vn/mainboard-asus-prime-b760m-k-d4
HACOM (Hà Nội),Mainboard,"Mainboard ASUS PRIME B550M-A (AMD B550, Socket AM4,m- ATX, 4 khe RAM DRR4)",2.899.000,+0%,,,,https://hacom.vn/mainboard-asus-prime-b550m-a-amd-b550-socket-am4-m-atx-4-khe-ram-drr4
HACOM (Hà Nội),Mainboard,Mainboard ASUS PRIME H510M-K R2.0,1.999.000,+0%,,,,https://hacom.vn/mainboard-asus-prime-h510m-k-r2.0
HACOM (Hà Nội),Mainboard,Mainboard ASUS PRIME Z790-P WIFI-CSM DDR5,6.999.000,+0%,,,,https://hacom.vn/mainboard-asus-prime-z790-p-wifi-csm
HACOM (Hà Nội),Mainboard,Mainboard ASUS TUF GAMING B650M-E WIFI DDR5,5.999.000,+0%,,,,https://hacom.vn/mainboard-asus-tuf-gaming-b650m-e-wifi-ddr5
HACOM (Hà Nội),Mainboard,Mainboard ASUS PRIME B760M-A D4-CSM,3.999.000,+0%,,,,https://hacom.vn/mainboard-asus-prime-b760m-a-d4-cms
HACOM (Hà Nội),Mainboard,Mainboard ASUS TUF GAMING X870-PLUS WIFI,8.599.000,+0%,,,,https://hacom.vn/mainboard-asus-tuf-gaming-x870-plus-wifi
HACOM (Hà Nội),Mainboard,Mainboard ASUS ROG STRIX X870E-E GAMING WIFI,16.299.000,+0%,,,,https://hacom.vn/mainboard-asus-rog-strix-x870e-e-gaming-wifi
HACOM (Hà Nội),Mainboard,Mainboard ASUS ROG STRIX X870-F GAMING WIFI,13.999.000,+0%,,,,https://hacom.vn/mainboard-asus-rog-strix-x870-f-gaming-wifi
HACOM (Hà Nội),Mainboard,Mainboard ASUS ROG MAXIMUS Z890 EXTREME DDR5,34.999.000,+0%,,,,https://hacom.vn/mainboard-asus-rog-maximus-z890-extreme-ddr5
HACOM (Hà Nội),Mainboard,Mainboard ASUS PRIME X870-P-CSM,6.799.000,+0%,,,,https://hacom.vn/mainboard-asus-prime-x870-p-csm
HACOM (Hà Nội),Mainboard,Mainboard ASUS ROG STRIX Z890-F GAMING WIFI DDR5,14.999.000,+0%,,,,https://hacom.vn/mainboard-asus-rog-strix-z890-f-gaming-wifi-ddr5
HACOM (Hà Nội),Mainboard,Mainboard ASUS ROG STRIX Z890-E GAMING WIFI DDR5,16.999.000,,,,,https://hacom.vn/mainboard-asus-rog-strix-z890-e-gaming-wifi-ddr5
HACOM (Hà Nội),Mainboard,Mainboard ASUS ProArt Z890-CREATOR WIFI DDR5,16.799.000,,,,,https://hacom.vn/mainboard-asus-proart-z890-creator-wifi-ddr5
HACOM (Hà Nội),Mainboard,Mainboard Asus PRIME H610M-K D4,2.399.000,+0%,,,,https://hacom.vn/mainboard-asus-prime-h610m-k-d4
HACOM (Hà Nội),Mainboard,Mainboard ASUS PRIME H610M-F WIFI D4,2.699.000,+0%,,,,https://hacom.vn/mainboard-asus-prime-h610m-f-wifi-d4-mbas0864
HACOM (Hà Nội),Mainboard,Mainboard Asus B760M-AYW WIFI D4,3.599.000,+0%,,,,https://hacom.vn/mainboard-asus-b760m-ayw-wifi-d4
HACOM (Hà Nội),Mainboard,Mainboard Asus B760M-AYW WIFI DDR5,3.799.000,+0%,,,,https://hacom.vn/mainboard-asus-b760m-ayw-wifi-ddr5
HACOM (Hà Nội),Mainboard,Mainboard Gigabyte X870 AORUS ELITE WIFI7,8.799.000,,,,,https://hacom.vn/mainboard-gigabyte-x870-aorus-elite-wifi7
HACOM (Hà Nội),PSU - Nguồn máy tính,Nguồn Asus PRIME 750B BLACK ( 80 Plus Bronze),1.999.000,+0%,,,,https://hacom.vn/nguon-asus-prime-750b-black-80-plus-bronze
HACOM (Hà Nội),PSU - Nguồn máy tính,Nguồn Asus PRIME 650B BLACK ( 80 Plus Bronze),1.699.000,+0%,,,,https://hacom.vn/nguon-asus-prime-650b-black-80-plus-bronze
HACOM (Hà Nội),PSU - Nguồn máy tính,Nguồn máy tính AIGO VK550 - 500W (Màu Đen),799.000,+0%,,,,https://hacom.vn/nguon-may-tinh-aigo-vk550-550w-mau-den
HACOM (Hà Nội),PSU - Nguồn máy tính,Nguồn máy tính AIGO VK650 - 650W (80 Plus/ Active PFC/ Single Rail),999.000,+0%,,,,https://hacom.vn/nguon-may-tinh-aigo-vk650-650w-80-plus-active-pfc-single-rail
HACOM (Hà Nội),PSU - Nguồn máy tính,Nguồn máy tính AIGO VK450 - 450W (Màu Đen),699.000,+0%,,,,https://hacom.vn/nguon-may-tinh-aigo-vk450-450w-mau-den
HACOM (Hà Nội),PSU - Nguồn máy tính,Nguồn Gigabyte GP- P850GM 850W (80 Plus Gold/Full Modular/Màu Đen),3.299.000,+0%,,,,https://hacom.vn/nguon-gigabyte-gp-p850gm-850w-80-plus-gold-full-modular-mau-den
HACOM (Hà Nội),PSU - Nguồn máy tính,Nguồn máy tính AIGO GB750 - 750W (80 Plus Bronze/Màu Đen),1.599.000,+0%,,,,https://hacom.vn/nguon-may-tinh-aigo-gb750-750w-80-plus-bronze-mau-den
HACOM (Hà Nội),PSU - Nguồn máy tính,Nguồn máy tính AIGO GB650 - 650W (80 Plus Bronze/Màu Đen),1.599.000,+0%,,,,https://hacom.vn/nguon-may-tinh-aigo-gb650-650w-80-plus-bronze-mau-den
HACOM (Hà Nội),PSU - Nguồn máy tính,Nguồn máy tính AIGO VK350 - 350W (Màu Đen),499.000,+0%,,,,https://hacom.vn/nguon-may-tinh-aigo-vk350-350w-mau-den
HACOM (Hà Nội),PSU - Nguồn máy tính,Nguồn máy tính AIGO GB550 - 550W (80 Plus Bronze/Màu Đen),1.299.000,+0%,,,,https://hacom.vn/nguon-may-tinh-aigo-gb550-550w-80-plus-bronze-mau-den
HACOM (Hà Nội),PSU - Nguồn máy tính,Nguồn máy tính Corsair CX750 750W (80 Plus Bronze/ Màu Đen),1.999.000,+0%,,,,https://hacom.vn/nguon-may-tinh-corsair-cx750-80-plus-bronze-mau-den
HACOM (Hà Nội),PSU - Nguồn máy tính,Nguồn máy tính Corsair CX650 650W (80 Plus Bronze/ Màu Đen),1.999.000,+0%,,,,https://hacom.vn/nguon-may-tinh-corsair-cx650-80-plus-bronze-mau-den
HACOM (Hà Nội),PSU - Nguồn máy tính,Nguồn máy tính Corsair CX550 550W (80 Plus Bronze/ Màu Đen),1.599.000,+0%,,,,https://hacom.vn/nguon-may-tinh-corsair-cx550-80-plus-bronze-mau-den
HACOM (Hà Nội),PSU - Nguồn máy tính,Nguồn máy tính Cooler Master MWE V3 230V 750 - 750W (80 Plus Bronze/ATX3.1),1.999.000,+0%,,,,https://hacom.vn/nguon-may-tinh-cooler-master-mwe-v3-230v-750-750w-80-plus-bronze-atx3.1
HACOM (Hà Nội),PSU - Nguồn máy tính,Nguồn máy tính GIGABYTE P650SS 650W (80 PLus Silver/Màu Đen),1.999.000,+0%,,,,https://hacom.vn/nguon-may-tinh-gigabyte-p650ss-650w-80-plus-silver-mau-den
HACOM (Hà Nội),PSU - Nguồn máy tính,Nguồn máy tính Cooler Master MWE Gold 750 V3 NM FR - 750W (80 Plus Gold/ATX3.1),2.349.000,+0%,,,,https://hacom.vn/nguon-may-tinh-cooler-master-mwe-gold-750-v3-nm-fr-750w-80-plus-gold-atx3.1
HACOM (Hà Nội),PSU - Nguồn máy tính,Nguồn máy tính MSI MAG A500N-H 500W,1.199.000,+0%,,,,https://hacom.vn/nguon-may-tinh-msi-mag-a500n-h-500w
HACOM (Hà Nội),PSU - Nguồn máy tính,Nguồn máy tính MSI MAG A650BNL - 650W (80 Plus Bronze),1.599.000,+0%,,,,https://hacom.vn/nguon-may-tinh-msi-mag-a650bnl-650w-80-plus-bronze
HACOM (Hà Nội),PSU - Nguồn máy tính,Nguồn máy tính Corsair RM750e ATX 3.1 750W (80 Plus Gold/ Màu Đen),3.249.000,+0%,,,,https://hacom.vn/nguon-may-tinh-corsair-rm750e-atx-3.1-80-plus-gold-mau-den
HACOM (Hà Nội),PSU - Nguồn máy tính,Nguồn máy tính Corsair RM850e ATX 3.1 850W (80 Plus Gold/ Màu Đen),3.639.000,+0%,,,,https://hacom.vn/nguon-may-tinh-corsair-rm850e-atx-3.1-80-plus-gold-mau-den
HACOM (Hà Nội),PSU - Nguồn máy tính,Nguồn máy tính Cooler Master MWE V3 230V 650 - 650W (80 Plus Bronze/ATX3.1),1.899.000,+0%,,,,https://hacom.vn/nguon-may-tinh-cooler-master-mwe-v3-230v-650-650w-80-plus-bronze-atx3.1
HACOM (Hà Nội),PSU - Nguồn máy tính,Nguồn máy tính MSI MAG A550BNL 550W ( 80 Plus Bronze/Màu Đen),1.499.000,+0%,,,,https://hacom.vn/nguon-may-tinh-msi-mag-a550bnl-550w-80-plus-bronze-mau-den
HACOM (Hà Nội),PSU - Nguồn máy tính,Nguồn máy tính Corsair RM1000e ATX 3.1 1000W (80 Plus Gold/ Màu Đen),4.849.000,+0%,,,,https://hacom.vn/nguon-may-tinh-corsair-rm1000e-atx-3.1-80-plus-gold-mau-den
HACOM (Hà Nội),PSU - Nguồn máy tính,Nguồn ANTEC G850 - 850W (80 Plus Gold),2.799.000,,,,,https://hacom.vn/nguon-antec-g850-850w-80-plus-gold
HACOM (Hà Nội),Màn hình,Màn hình Gigabyte GS25F2A (24.5 inch/FHD/IPS/240Hz/1ms/loa),4.999.000,+0%,,,,https://hacom.vn/man-hinh-gigabyte-gs25f2a
HACOM (Hà Nội),Màn hình,Màn hình Gigabyte G25F2A (24.5 inch/FHD/IPS/240hz/1ms/loa),4.599.000,+0%,,,,https://hacom.vn/man-hinh-gigabyte-g25f2a
HACOM (Hà Nội),Màn hình,Màn hình Gigabyte MO27Q2 (27 inch/QHD/QD-OLED/240Hz/0.03ms/loa),16.299.000,+0%,,,,https://hacom.vn/man-hinh-gigabyte-mo27q2
HACOM (Hà Nội),Màn hình,Màn hình Asus TUF VG249Q5R (23.8 inch/FHD/IPS/200Hz/0.3ms/loa),3.589.000,+0%,,,,https://hacom.vn/man-hinh-asus-tuf-vg249q5r
HACOM (Hà Nội),Màn hình,Màn hình ASUS TUF VG249QE5A (23.8 inch/FHD/IPS/146Hz/1ms/loa),3.399.000,+0%,,,,https://hacom.vn/man-hinh-asus-tuf-vg249qe5a
HACOM (Hà Nội),Màn hình,Màn hình LG 24U411A-B (23.8 inch/FHD/IPS/120Hz/1ms),2.999.000,+0%,,,,https://hacom.vn/man-hinh-lg-24u411a-b
HACOM (Hà Nội),Màn hình,Màn hình HKC MB24V39 (23.8 inch/FHD/IPS/120Hz/4ms),2.499.000,+0%,,,,https://hacom.vn/man-hinh-hkc-mb24v39-120hz
HACOM (Hà Nội),Màn hình,Màn hình Gigabyte GS24F14 (23.8 inch/FHD/IPS/144hz/1ms),2.999.000,+0%,,,,https://hacom.vn/man-hinh-gigabyte-gs24f14-mogi0063
HACOM (Hà Nội),Màn hình,Màn hình ASUS VA249HG (23.8 inch/FHD/IPS/120Hz/1ms),3.299.000,+0%,,,,https://hacom.vn/man-hinh-asus-va249hg
HACOM (Hà Nội),Màn hình,Màn hình ViewSonic VX2758A-2K-PRO-4 (27 Inch/QHD/IPS/180Hz/1ms),5.699.000,,,,,https://hacom.vn/man-hinh-viewsonic-vx2758a-2k-pro-4
HACOM (Hà Nội),Màn hình,Màn hình LG UltraGear 34GX90SA-W (34 inch/WQHD/OLED/240Hz/0.03ms/webOS/cong),26.990.000,+0%,,,,https://hacom.vn/man-hinh-ultragear-34gx90sa-w
HACOM (Hà Nội),Màn hình,Màn hình Gigabyte G34WQC2 (34 inch/WQHD/VA/200hz/1ms/loa),8.499.000,+0%,,,,https://hacom.vn/man-hinh-gigabyte-g34wqc2
HACOM (Hà Nội),Màn hình,Màn hình ViewSonic VX3418C-2K (34 inch/UWQHD/VA/180Hz/1ms/loa/cong),8.399.000,+0%,,,,https://hacom.vn/man-hinh-viewsonic-vx3418c-2k
HACOM (Hà Nội),Màn hình,Màn hình Samsung LS34C500GAEXXV (34 inch/WQHD/VA/100Hz/5ms),7.399.000,+0%,,,,https://hacom.vn/man-hinh-samsung-ls34c500gaexxv
HACOM (Hà Nội),Màn hình,Màn hình Samsung LC34G55TWWEXXV (34 inch/WQHD/VA/165Hz/1ms),8.499.000,+0%,,,,https://hacom.vn/man-hinh-samsung-lc34g55twwexxv-mosa0233
HACOM (Hà Nội),Màn hình,Màn hình Dell Ultrasharp U3425WE (34 inch/QHD/IPS/120Hz/5ms/USB-C),25.999.000,+0%,,,,https://hacom.vn/man-hinh-dell-ultrasharp-u3425we
HACOM (Hà Nội),Màn hình,Màn hình Dell Pro Plus P3425WE (34 inch/WQHD/IPS/100Hz/5ms/USB-C 90W),17.990.000,+0%,,,,https://hacom.vn/man-hinh-dell-pro-plus-p3425we
HACOM (Hà Nội),Màn hình,Màn hình Asus TUF VG34WQML5A (34 inch/WQHD/VA/250Hz/1ms/loa),9.999.000,+0%,,,,https://hacom.vn/man-hinh-asus-tuf-vg34wqml5a
HACOM (Hà Nội),Màn hình,Màn hình AOC CU34B3E (34 inch/UWQHD/VA/120Hz/1ms),6.590.000,+0%,,,,https://hacom.vn/man-hinh-aoc-cu34b3e-moao0266
HACOM (Hà Nội),Màn hình,Màn hình Edra EGM34Q240PR (34 inch/WQHD/VA/240Hz/1ms),7.999.000,,,,,https://hacom.vn/man-hinh-edra-egm34q240pr
HACOM (Hà Nội),Màn hình,Màn hình thông minh Samsung M7 LS32FM701UEXXV (32 inch/UHD/VA/60Hz/4ms/loa),9.999.000,+0%,,,,https://hacom.vn/man-hinh-thong-minh-samsung-m7-ls32fm701
HACOM (Hà Nội),Màn hình,Màn hình Samsung ViewFinity LS32B800PXEXXV (32 inch/UHD/IPS/60Hz/5ms),9.999.000,+0%,,,,https://hacom.vn/man-hinh-samsung-viewfinity-ls32b800pxexxv
HACOM (Hà Nội),Màn hình,Màn hình LG UltraGear 34G600A-B (34 inch/WQHD/VA/160Hz/1ms/cong/loa),9.590.000,+0%,,,,https://hacom.vn/man-hinh-lg-ultragear-34g600a-b-molg0329
HACOM (Hà Nội),Màn hình,Màn hình thông minh Samsung M5 M50F LS32FM500EEXXV (32 inch/FHD/VA/60Hz/4ms),6.599.000,,,,,https://hacom.vn/man-hinh-thong-minh-samsung-m5-m50f-ls32fm500eexxv-mosa0353
GEARVN,RAM Laptop,Ram Laptop Kingston 32GB 2Rx8 4G x 64-Bit 5600 Mhz CL46 (KVR56S46BD8-32),12.990.000,+0%,,,,https://gearvn.com/products/ram-laptop-kingston-32gb-2rx8-4g-x-64-bit-5600-mhz-cl46-kvr56s46bd8-32
GEARVN,RAM Laptop,Ram Laptop V-Color DDR4 8GB 3200Mhz TN48G32S822 1Gx8 1Rx8 Sodimm,2.990.000,+0%,,,,https://gearvn.com/products/ram-laptop-v-color-ddr4-8gb-3200mhz-tn48g32s822-1gx8-1rx8-sodimm
GEARVN,RAM Laptop,Ram Laptop Kingston 8GB CL22 3200 Sodimm (KVR32S22S8/8WP),2.990.000,+0%,,,,https://gearvn.com/products/8gb-ddr4-1x8g-3200-ram-laptop-kingston-8gb-sodimm
GEARVN,RAM Laptop,Ram Lexar CL22 1x32GB 3200 Sodimm,1.990.000,+0%,,,,https://gearvn.com/products/ram-lexar-cl22-1x32gb-3200-sodimm
GEARVN,RAM Laptop,Ram Laptop Crucial DDR4 16GB Bus 3200,3.990.000,+0%,,,,https://gearvn.com/products/ram-laptop-crucial-ddr4-16gb-bus-3200
GEARVN,RAM Laptop,Ram Laptop Adata DDR5 16GB Bus 5600 (AD5S560016G-S),6.990.000,+0%,,,,https://gearvn.com/products/ram-laptop-adata-ddr5-16gb-bus-5600-ad5s560016g-s
GEARVN,RAM Laptop,Ram Laptop Crucial DDR4 8GB Bus 3200 (CT8G4SFRA32A),2.590.000,+0%,,,,https://gearvn.com/products/ram-laptop-crucial-ddr4-8gb-bus-3200-ct8g4sfra32a
GEARVN,SSD,NVMe PCIe Gen 4.0 x4,11.490.000,+0%,,,,https://gearvn.com/products/o-cung-ssd-kingston-nv3-2tb-m-2-pcie-nvme-gen4
GEARVN,SSD,NVMe PCIe Gen 3.0 x4,490.000,+0%,,,,https://gearvn.com/products/ssd-klevv-cras-c710-256gb-gen3-k256gm2sp0-c71
GEARVN,SSD,Ổ Cứng SSD SSTC Sata III M100 512GB,1.850.000,+0%,,,,https://gearvn.com/products/o-cung-ssd-sstc-sata-iii-m100-512gb
GEARVN,SSD,Ổ Cứng SSD SSTC M2 NVME Gen3x4 Max III 256GB,1.690.000,+0%,,,,https://gearvn.com/products/o-cung-ssd-sstc-m2-nvme-gen3x4-max-iii-256gb
GEARVN,SSD,Ổ Cứng SSD SSTC Oceanic Whitetip E130 512GB M.2 2280 PCIe NVMe (Gen 3x4),2.990.000,+0%,,,,https://gearvn.com/products/o-cung-ssd-sstc-oceanic-whitetip-e130-512gb-m-2-2280-pcie-nvme-gen-3x4
GEARVN,SSD,Ổ cứng SSD Sandisk Optimus 5100 PCIe 500GB M2,5.590.000,+0%,,,,https://gearvn.com/products/o-cung-ssd-sandisk-optimus-5100-pcie-500gb-m2
GEARVN,SSD,Ổ cứng SSD Sandisk Optimus 5100 PCIe 1TB M2,8.990.000,+0%,,,,https://gearvn.com/products/o-cung-ssd-sandisk-optimus-5100-pcie-1tb-m2
GEARVN,SSD,Ổ cứng SSD Sandisk Optimus 5100 PCIe 2TB M2,15.190.000,+0%,,,,https://gearvn.com/products/o-cung-ssd-sandisk-optimus-5100-pcie-2tb-m2
GEARVN,SSD,Ổ cứng SSD Sandisk Optimus 5100 PCIe 4TB M2,25.890.000,+0%,,,,https://gearvn.com/products/o-cung-ssd-sandisk-optimus-5100-pcie-4tb-m2
GEARVN,SSD,Ổ cứng SSD Sandisk Optimus GX 7100 PCIe Gen4 500GB M2,5.990.000,+0%,,,,https://gearvn.com/products/o-cung-ssd-sandisk-optimus-gx-7100-pcie-gen4-500gb-m2
GEARVN,SSD,Ổ cứng SSD Sandisk Optimus GX 7100 PCIe Gen4 1TB M2,9.890.000,+0%,,,,https://gearvn.com/products/o-cung-ssd-sandisk-optimus-gx-7100-pcie-gen4-1tb-m2
GEARVN,Laptop,"Laptop gaming Acer Aspire 7 A715-59G-59RD (Core 5-210H/ RTX 3050 4GB/ 16GB/ 512GB/ 15.6"" FHD/ Win 11)",27.990.000,+0%,,,,https://gearvn.com/products/laptop-gaming-acer-aspire-7-a715-59g-59rd
GEARVN,Laptop,"Laptop gaming Acer Nitro ProPanel ANV15-52-556L (Core 5-210H/ RTX 5050 8GB/ 16GB/ 512GB/ 15.6"" FHD/ Win 11)",38.990.000,+0%,,,,https://gearvn.com/products/laptop-gaming-acer-nitro-propanel-anv15-52-556l
GEARVN,Laptop,"Laptop Acer Aspire Lite 15 AL15-410P-R1W8 (Ryzen 5-3500U/ 8GB/ 512GB/ 15.6"" FHD IPS/ Win 11)",17.990.000,,,,,https://gearvn.com/products/laptop-acer-aspire-lite-15-al15-410p-r1w8-ryzen-5-3500u-8gb-512gb-15-6-fhd-ips
GEARVN,Laptop,"Laptop gaming ASUS V16 V3607VJ-TK189W (Core 5-210H/ RTX 3050 6GB/ 16GB/ 512GB/ 16"" WUXGA 144Hz/ Win 11)",29.990.000,+0%,,,,https://gearvn.com/products/laptop-gaming-asus-v16-v3607vj-tk189w-core-5-210h-rtx-3050-6gb-16gb-512gb-16-wuxga-144hz-win-11
GEARVN,Laptop,"Laptop gaming Acer Aspire 7 A715-59G-53RH (Core 5-210H/ RTX 4050 6GB/ 16GB/ 512GB/ 15.6"" FHD IPS 144Hz/ Win 11)",29.990.000,-7.7%,,,,https://gearvn.com/products/laptop-gaming-acer-aspire-7-a715-59g-53rh-core-5-210h-rtx-4050-6gb-16gb-512gb-15-6-fhd-ips-144hz
GEARVN,Laptop,"Laptop gaming Acer Nitro ProPanel ANV15-52-50VA (Core 5-210H/ RTX 3050/ 16GB/ 512GB/ 15.6"" FHD/ Win 11)",29.990.000,,,,,https://gearvn.com/products/laptop-gaming-acer-nitro-v-15-propanel-anv15-52-50va
GEARVN,Laptop,"Laptop gaming Lenovo LOQ 15ARP10E 83S0006RVN (Ryzen 7-7735HS/ RTX 3050 6GB/ 16GB/ 1TB/ 15.6"" FHD/ Win 11)",32.990.000,+0%,,,,https://gearvn.com/products/laptop-gaming-lenovo-loq-15arp10e-83s0006rvn-ryzen-7-7735hs-rtx-3050-6gb-16gb-1tb-15-6-fhd-win-11
GEARVN,Laptop,"Laptop gaming ASUS TUF Gaming A16 FA607NUQ-RL007W (Ryzen 7-170/ RTX 4050 6GB/ 16GB/ 512GB/ 16"" FHD 144Hz/ Win 11)",39.990.000,+0%,,,,https://gearvn.com/products/laptop-gaming-asus-tuf-gaming-a16-fa607nuq-rl007w-ryzen-7-170-rtx-4050-6gb-16gb-512gb-16-fhd-144hz-win-11
GEARVN,Laptop,"Laptop gaming Acer Nitro ProPanel ANV15-42-R9EH (Ryzen 7 7445HS/ RTX 4050 6GB/ 16GB/ 512GB/ 15.6"" FHD/ Win 11)",38.990.000,+0%,,,,https://gearvn.com/products/laptop-gaming-acer-nitro-propanel-anv15-42-r9eh
GEARVN,Laptop,"Laptop gaming Acer Nitro ProPanel ANV15-52-78MD (Core 7-240H/ RTX 5050 8GB/ 16GB/ 512GB/ 15.6"" FHD/ Win 11)",40.990.000,+0%,,,,https://gearvn.com/products/laptop-gaming-acer-nitro-propanel-anv15-52-78md
GEARVN,Laptop,"Laptop gaming Acer Nitro ProPanel ANV15-42-R5EF (Ryzen 5 7640HS/ RTX 4050 6GB/ 16GB/ 512GB/ 15.6"" FHD/ Win 11)",34.990.000,+0%,,,,https://gearvn.com/products/laptop-gaming-acer-nitro-propanel-anv15-42-r5ef
GEARVN,Laptop,Laptop gaming Acer Nitro ProPanel ANV15-52-73Z8 (Core 7-240H/ RTX 4050/ 16GB/ 512GB/ Win 11),37.990.000,+0%,,,,https://gearvn.com/products/laptop-gaming-acer-nitro-v-15-propanel-anv15-52-73z8
GEARVN,Laptop,"Laptop gaming Acer Nitro ProPanel ANV16-72-71T9 (Core 7-240H/ RTX 5060/ 16GB/ 512GB/ 16.0"" FHD/ Win 11)",44.990.000,+2.3%,,,,https://gearvn.com/products/laptop-gaming-acer-nitro-propanel-anv16-72-71t9
GEARVN,HDD,Ổ Cứng HDD Seagate Barracuda 1TB,3.290.000,+0%,,,,https://gearvn.com/products/hdd-seagate-barracuda-1tb-7200rpm
GEARVN,VGA - Card màn hình,Card màn hình Leadtek NVIDIA RTX PRO 4000 Blackwell 24GB GDDR7,106.090.000,+0%,,,,https://gearvn.com/products/card-man-hinh-leadtek-nvidia-rtx-pro-4000-blackwell-24gb-gddr7
GEARVN,VGA - Card màn hình,Card màn hình Zotac GeForce RTX 5060 Ti 8GB Moon White OC,19.490.000,+0%,,,,https://gearvn.com/products/card-man-hinh-zotac-geforce-rtx-5060-ti-8gb-moon-white-oc
GEARVN,VGA - Card màn hình,Card màn hình MSI GeForce RTX 5060 Ti Shadow 2X OC Plus 8GB,17.490.000,+0%,,,,https://gearvn.com/products/card-man-hinh-msi-geforce-rtx-5060-ti-shadow-2x-oc-plus-8gb
GEARVN,VGA - Card màn hình,Card màn hình SPARKLE Intel Arc B580 TWINSTAR OC 12GB GDDR6,12.590.000,+0%,,,,https://gearvn.com/products/card-man-hinh-sparkle-intel-arc-b580-twinstar-oc-12gb-gddr6
GEARVN,VGA - Card màn hình,Card màn hình Leadtek NVIDIA RTX PRO 5000 Blackwell 48GB GDDR7,218.990.000,+0%,,,,https://gearvn.com/products/card-man-hinh-leadtek-nvidia-rtx-pro-5000-blackwell-48gb-gddr7
GEARVN,VGA - Card màn hình,Card màn hình Zotac GeForce RTX 5060 Ti 16GB Twin Edge OC,21.990.000,+0%,,,,https://gearvn.com/products/card-man-hinh-zotac-geforce-rtx-5060-ti-16gb-twin-edge-oc-2
GEARVN,VGA - Card màn hình,Card màn hình MSI GeForce RTX 5060 Ventus 2X OC V1 8GB,14.990.000,+0%,,,,https://gearvn.com/products/card-man-hinh-msi-geforce-rtx-5060-ventus-2x-oc-v1-8gb
GEARVN,VGA - Card màn hình,Card màn hình Zotac GeForce RTX 5070Ti Solid Core OC 16GB,41.990.000,+0%,,,,https://gearvn.com/products/card-man-hinh-zotac-geforce-rtx-5070ti-solid-core-oc-16gb
GEARVN,VGA - Card màn hình,Card màn hình Zotac GeForce RTX 5080 Solid Core OC 16GB,54.990.000,+0%,,,,https://gearvn.com/products/card-man-hinh-zotac-geforce-rtx-5080-solid-core-oc-16gb
GEARVN,VGA - Card màn hình,Card màn hình ASUS ROG Astral EDITION 20 GeForce RTX 5090 32GB GDDR7,250.000.000,,,,,https://gearvn.com/products/card-man-hinh-asus-rog-astral-edition-20-geforce-rtx-5090-32gb-gddr7
GEARVN,VGA - Card màn hình,Card màn hình SPARKLE Intel Arc B580 TITAN Nox OC 12GB GDDR6,10.990.000,+0%,,,,https://gearvn.com/products/card-man-hinh-sparkle-intel-arc-b580-titan-nox-oc-12gb-gddr6
GEARVN,VGA - Card màn hình,Card màn hình SPARKLE Intel Arc B580 TITAN OC 12GB GDDR6,10.990.000,+0%,,,,https://gearvn.com/products/card-man-hinh-sparkle-intel-arc-b580-titan-oc-12gb-gddr6
GEARVN,VGA - Card màn hình,Card màn hình Gigabyte GeForce RTX 5060 Windforce Max OC 8GB,15.990.000,+0%,,,,https://gearvn.com/products/card-man-hinh-gigabyte-geforce-rtx-5060-windforce-max-oc-8gb
GEARVN,VGA - Card màn hình,Card màn hình Zotac GEFORCE RTX 5050 TWIN EDGE OC 8GB GDDR6,9.490.000,+0%,,,,https://gearvn.com/products/card-man-hinh-zotac-geforce-rtx-5050-twin-edge-oc-8gb-gddr6
GEARVN,VGA - Card màn hình,Card màn hình Zotac GEFORCE RTX 3050 TWIN EDGE OC 6GB GDDR6,6.890.000,+0%,,,,https://gearvn.com/products/card-man-hinh-zotac-geforce-rtx-3050-twin-edge-oc-6gb-gddr6
GEARVN,VGA - Card màn hình,Card màn hình Zotac GEFORCE RTX 5060 Ti 8GB TWIN EDGE GDDR7,13.490.000,+0%,,,,https://gearvn.com/products/card-man-hinh-zotac-geforce-rtx-5060-ti-8gb-twin-edge-gddr7
GEARVN,VGA - Card màn hình,Card màn hình ASUS ROG Astral GeForce RTX 5080 16GB GDDR7 OC Edition (ROG-ASTRAL-RTX5080-O16G-GAMING) White Edition,59.990.000,+0%,,,,https://gearvn.com/products/card-man-hinh-asus-rog-astral-geforce-rtx-5080-16gb-gddr7-oc-edition-rog-astral-rtx5080-o16g-gaming
GEARVN,VGA - Card màn hình,Card màn hình ASUS Dual GeForce RTX 5070 12GB GDDR7 OC Edition,26.490.000,+0%,,,,https://gearvn.com/products/card-man-hinh-asus-dual-geforce-rtx-5070-12gb-gddr7-oc-edition
GEARVN,VGA - Card màn hình,Card màn hình Zotac GeForce RTX 5060 Twin Edge OC 8GB,12.490.000,+0%,,,,https://gearvn.com/products/card-man-hinh-zotac-geforce-rtx-5060-twin-edge-oc-8gb-1
GEARVN,Mainboard,Bo mạch chủ ASUS PRIME B760M-K (DDR5),2.690.000,+0%,,,,https://gearvn.com/products/bo-mach-chu-asus-prime-b760m-k-ddr5
GEARVN,Mainboard,Bo mạch chủ ASUS ROG CROSSHAIR X870E EXTREME (DDR5),32.990.000,+0%,,,,https://gearvn.com/products/bo-mach-chu-asus-rog-crosshair-x870e-extreme-ddr5
GEARVN,Mainboard,Bo mạch chủ ASUS B760M-AYW WIFI D4,2.990.000,+0%,,,,https://gearvn.com/products/bo-mach-chu-asus-b760m-ayw-wifi-d4-1
GEARVN,Mainboard,Bo mạch chủ ASUS TUF Gaming Z890-PLUS WIFI (DDR5),12.490.000,+0%,,,,https://gearvn.com/products/bo-mach-chu-asus-tuf-gaming-z890-plus-wifi-ddr5
GEARVN,Mainboard,Bo mạch chủ MSI B450M-A PRO MAX II,1.990.000,+0%,,,,https://gearvn.com/products/bo-mach-chu-msi-b450m-a-pro-max-ii
GEARVN,PSU - Nguồn máy tính,Nguồn máy tính Cooler Master V Platinum 1300 V2 - 1600W - 80 Plus Platinum - Full Modular,6.990.000,+0%,,,,https://gearvn.com/products/nguon-may-tinh-cooler-master-v-platinum-1300-v2-1600w-80-plus-platinum-full-modular
GEARVN,PSU - Nguồn máy tính,Nguồn máy tính Corsair CX750 - 80 Plus Bronze (750W) CP-9020279-NA,1.990.000,+0%,,,,https://gearvn.com/products/nguon-may-tinh-corsair-cx750-80-plus-bronze-750w-cp-9020279-na-2
GEARVN,Màn hình,4K/UHD (3840 x 2160),8.790.000,+0%,,,,https://gearvn.com/products/man-hinh-lg-27u730b-b-27-ips-4k-hdr10-usbc-chuyen-do-hoa
GEARVN,Màn hình,2K/QHD (2560 x 1440),3.590.000,+0%,,,,https://gearvn.com/products/man-hinh-vsp-g2410qs-24-ips-2k-100hz-usbc
GEARVN,Màn hình,"Màn hình ViewSonic VA24G1-H 24"" IPS 144Hz",2.590.000,+0%,,,,https://gearvn.com/products/man-hinh-viewsonic-va24g1-h-24-ips-144hz
GEARVN,Màn hình,"Màn hình BenQ Zowie XL2586X+ 25"" 600Hz DyAc 2 chuyên game",29.990.000,+0%,,,,https://gearvn.com/products/man-hinh-benq-zowie-xl2586x-25-600hz-dyac-2-chuyen-game
GEARVN,Màn hình,"Màn hình KOORUI E2212F 22"" 100Hz",1.690.000,+0%,,,,https://gearvn.com/products/man-hinh-koorui-e2212f-22-100hz
GEARVN,Màn hình,"Màn hình KOORUI E2411F 24"" IPS 100Hz",1.990.000,+0%,,,,https://gearvn.com/products/man-hinh-koorui-e2411f-24-ips-100hz
GEARVN,Màn hình,"Màn hình KOORUI E2711F 27"" IPS 100Hz",2.490.000,+0%,,,,https://gearvn.com/products/man-hinh-koorui-e2711f-27-ips-100hz
GEARVN,Màn hình,"Màn hình KOORUI G2411P 24"" IPS 200Hz chuyên game",2.990.000,+0%,,,,https://gearvn.com/products/man-hinh-koorui-g2411p-24-ips-200hz-chuyen-game
GEARVN,Màn hình,"Màn hình KOORUI G2711P 24"" IPS 200Hz chuyên game",3.190.000,+0%,,,,https://gearvn.com/products/man-hinh-koorui-g2711p-24-ips-200hz-chuyen-game
GEARVN,Màn hình,"Màn hình ASUS TUF GAMING VG279QM5F 27"" Fast IPS 260Hz chuyên game",4.990.000,+0%,,,,https://gearvn.com/products/man-hinh-asus-tuf-gaming-vg279qm5f-27-fast-ips-260hz-chuyen-game
An Phát Computer (Hà Nội),RAM Laptop,Ram laptop Kingston 16GB DDR5 bus 5600 (KVR56S46BS8-16),7.999.000,+5.3%,,,,https://www.anphatpc.com.vn/ram-laptop-kingston-16gb-ddr5-bus-5600-kvr56s46bs8-16.html
An Phát Computer (Hà Nội),RAM Laptop,Ram laptop Gskill 16G F5-5600 DDR5 (S4040A16GX1-RS),6.690.000,+0%,,,,https://www.anphatpc.com.vn/ram-laptop-gskill-16g-f5-5600-ddr5-s4040a16gx1-rs.html
An Phát Computer (Hà Nội),RAM Laptop,Ram laptop Kingston 8GB DDR5 bus 5600 (KVR56S46BS6-8),5.999.000,+0%,,,,https://www.anphatpc.com.vn/ram-laptop-kingston-8gb-ddr5-bus-5600-kvr56s46bs6-8.html
An Phát Computer (Hà Nội),RAM Laptop,Ram laptop Kingmax 16GB DDR4 bus 3200MHz,7.999.000,+0%,,,,https://www.anphatpc.com.vn/ram-laptop-kingmax-gsoh22f-16gb-ddr4-3200mhz-ddr4-so-dimm-pc4-25600-16gb-1-2v.html
An Phát Computer (Hà Nội),RAM Laptop,Ram laptop Kingston 16GB DDR5 bus 5600 (KVR56S46BS8-16WP),9.999.000,+0%,,,,https://www.anphatpc.com.vn/ram-laptop-kingston-16gb-ddr5-bus-5600-kvr56s46bs8-16wp.html
An Phát Computer (Hà Nội),RAM Laptop,Ram laptop Kingston 8GB DDR4 bus 3200 (KVR32S22S8/8WP),4.999.000,+0%,,,,https://www.anphatpc.com.vn/ram-laptop-kingston-8gb-ddr4-bus-3200-kvr32s22s8/8wp.html
An Phát Computer (Hà Nội),RAM Laptop,Ram laptop Kingston 16GB DDR4 bus 3200 (KVR32S22D8/16WP),9.999.000,+0%,,,,https://www.anphatpc.com.vn/ram-laptop-kingston-16gb-ddr4-bus-3200-kvr32s22d8/16wp.html
An Phát Computer (Hà Nội),RAM Laptop,Ram laptop Adata 8GB DDR5 bus 5600,4.099.000,+0%,,,,https://www.anphatpc.com.vn/ram-laptop-adata-8gb-ddr5-bus-5600.html
An Phát Computer (Hà Nội),RAM Laptop,Ram laptop Kingston 32GB (1x32GB) DDR4 bus 3200 (KVR32S22D8/32),28.999.000,+0%,,,,https://www.anphatpc.com.vn/ram-laptop-kingston-32gb-1x32gb-ddr4-bus-3200-kvr32s22d8/32.html
An Phát Computer (Hà Nội),RAM Laptop,Ram laptop Crucial 16GB DDR5 bus 6400 (CT16G64C52CS5),7.999.000,+0%,,,,https://www.anphatpc.com.vn/ram-laptop-crucial-16gb-ddr5-bus-6400-ct16g64c52cs5.html
An Phát Computer (Hà Nội),RAM Laptop,Ram laptop 8GB DDR5 4800MHz OEM,2.999.000,+0%,,,,https://www.anphatpc.com.vn/ram-laptop-8gb-ddr5-4800mhz-oem.html
An Phát Computer (Hà Nội),RAM Laptop,Ram laptop Kingston 8GB DDR4 bus 3200 MHz,4.999.000,+0%,,,,https://www.anphatpc.com.vn/ram-kingston-8gb-ddr4-3200-s22-1rx8-sodimm-kvr32s22s8-8_id33196.html
An Phát Computer (Hà Nội),RAM Laptop,Ram laptop Crucial 16GB DDR5 bus 4800Mhz CL40 (CT16G48C40S5),9.999.000,+0%,,,,https://www.anphatpc.com.vn/ram-laptop-crucial-16gb-ddr5-bus-4800mhz-cl40-ct16g48c40s5.html
An Phát Computer (Hà Nội),RAM Laptop,Ram laptop Crucial 32GB DDR5 bus 4800Mhz CL40 (CT32G48C40S5),19.999.000,+0%,,,,https://www.anphatpc.com.vn/ram-laptop-crucial-32gb-ddr5-bus-4800mhz-cl40-ct32g48c40s5.html
An Phát Computer (Hà Nội),RAM Laptop,Ram laptop Team Group 16GB DDR4 bus 3200Mhz,9.999.000,+0%,,,,https://www.anphatpc.com.vn/ram-laptop-team-group-16gb-ddr4-bus-3200mhz.html
An Phát Computer (Hà Nội),RAM Laptop,Ram laptop PNY XLR8 8GB DDR4 3200 (MN8GSD43200XR-RB),2.499.000,+0%,,,,https://www.anphatpc.com.vn/ram-laptop-pny-xlr8-8gb-ddr4-3200-mn8gsd43200xr-rb.html
An Phát Computer (Hà Nội),RAM Laptop,Ram laptop Crucial 16GB DDR5 bus 5600Mhz (CT16G56C46S5),9.999.000,+0%,,,,https://www.anphatpc.com.vn/ram-laptop-crucial-16gb-ddr5-bus-5600mhz-ct16g56c46s5.html
An Phát Computer (Hà Nội),RAM Laptop,Ram laptop Crucial 32GB DDR5 bus 5600 (CT32G56C46S5),28.999.000,+0%,,,,https://www.anphatpc.com.vn/ram-laptop-crucial-32gb-ddr5-bus-5600-ct32g56c46s5.html
An Phát Computer (Hà Nội),SSD,Ổ cứng SSD Kingston A400 480GB SA400S37/480G,3.999.000,+0%,,,,https://www.anphatpc.com.vn/o-cung-ssd-kingston-a400-480gb-sa400s37480g.html
An Phát Computer (Hà Nội),SSD,Ổ cứng SSD KINGMAX Zeus PQ3480 256GB NVMe M.2 2280 PCIe Gen 3.0 x4,1.999.000,+0%,,,,https://www.anphatpc.com.vn/o-cung-ssd-kingmax-zeus-pq3480-256gb-nvme-m-2-2280-pcie-gen-3-0-x4.html
An Phát Computer (Hà Nội),SSD,Ổ cứng SSD TeamGroup 512G MP33 M.2 PCIe Gen3x4,2.999.000,+0%,,,,https://www.anphatpc.com.vn/o-cung-ssd-teamgroup-512g-mp33-m.2-pcie-gen3x4.html
An Phát Computer (Hà Nội),SSD,Ổ Cứng SSD SSTC M100 512GB SATA III (2.5 inch),2.689.000,+0%,,,,https://www.anphatpc.com.vn/o-cung-ssd-sstc-m100-512gb-sata-iii-2.5-inch.html
An Phát Computer (Hà Nội),SSD,Ổ cứng SSD TeamGroup MP44L 500GB M.2 2280 PCIe Gen4x4 (TM8FPK500G0C101),4.999.000,+0%,,,,https://www.anphatpc.com.vn/o-cung-ssd-teamgroup-mp44l-500gb-m.2-2280-pcie-gen4x4-tm8fpk500g0c101.html
An Phát Computer (Hà Nội),SSD,Ổ cứng SSD TeamGroup MP33 1TB M.2 2280 PCIe Gen3x4,6.999.000,+0%,,,,https://www.anphatpc.com.vn/o-cung-ssd-teamgroup-mp33-1tb-m.2-2280-pcie-gen3x4.html
An Phát Computer (Hà Nội),SSD,Ổ cứng SSD OCPC MFL-300 512GB NVMe Gen 3x4,2.149.000,+0%,,,,https://www.anphatpc.com.vn/o-cung-ssd-ocpc-mfl-300-512gb-nvme-gen-3x4.html
An Phát Computer (Hà Nội),SSD,Ổ cứng Western Digital Enterprise Ultrastar HA340 6TB 7200RPM 256MB- WUS721206BLE6L4,12.999.000,+0%,,,,https://www.anphatpc.com.vn/o-cung-western-digital-enterprise-ultrastar-ha340-6tb-7200rpm-256mb-wus721206ble604.html
An Phát Computer (Hà Nội),SSD,Ổ cứng Western Digital Enterprise Ultrastar HA340 8TB 7200RPM 256MB- WUS721208BLE6L4,13.999.000,+0%,,,,https://www.anphatpc.com.vn/o-cung-western-digital-enterprise-ultrastar-ha340-8tb-7200rpm-256mb-wus721208ble6l4.html
An Phát Computer (Hà Nội),SSD,Ổ cứng SSD TeamGroup MP44L 1TB M.2 2280 PCIe Gen4x4 (TM8FPK001T0C101),6.999.000,+0%,,,,https://www.anphatpc.com.vn/o-cung-ssd-teamgroup-mp44l-1tb-m.2-2280-pcie-gen4x4-tm8fpk001t0c101.html
An Phát Computer (Hà Nội),SSD,Ổ cứng SSD TeamGroup G50 512GB M.2 PCIe Gen4x4,4.999.000,+0%,,,,https://www.anphatpc.com.vn/o-cung-ssd-teamgroup-g50-512gb-m.2-pcie-gen4x4.html
An Phát Computer (Hà Nội),SSD,Ổ Cứng Western Digital Purple 8TB 256MB Cache WD85PURZ,12.999.000,+0%,,,,https://www.anphatpc.com.vn/o-cung-western-digital-purple-8tb-256mb-cache-wd85purz.html
An Phát Computer (Hà Nội),SSD,Ổ cứng SSD TeamGroup VULCAN Z QLC 1TB 2.5 inch SATA III,4.990.000,+0%,,,,https://www.anphatpc.com.vn/o-cung-ssd-teamgroup-vulcan-z-qlc-1tb-2.5-inch-sata-iii.html
An Phát Computer (Hà Nội),SSD,Ổ Cứng Western Digital Purple Pro 10TB 3.5 inch SATA 3 512MB Cache 7200RPM WD102PURP,15.999.000,+0%,,,,https://www.anphatpc.com.vn/o-cung-western-digital-purple-pro-10tb-3.5-inch-sata-3-512mb-cache-7200rpm-wd102purp.html
An Phát Computer (Hà Nội),SSD,Ổ Cứng Western Digital Purple 6TB 256MB Cache (WD64PURZ),8.999.000,+0%,,,,https://www.anphatpc.com.vn/o-cung-western-digital-purple-6tb-256mb-cache-wd64purz.html
An Phát Computer (Hà Nội),SSD,Ổ cứng SSD TeamGroup VULCAN Z 512GB 2.5 inch SATA III,2.999.000,+0%,,,,https://www.anphatpc.com.vn/o-cung-ssd-teamgroup-vulcan-z-512gb-2.5-inch-sata-iii.html
An Phát Computer (Hà Nội),SSD,"Ổ cứng SSD Samsung 870 EVO 500GB 2.5"" SATA 3 (MZ-77E500BW)",8.999.000,+0%,,,,https://www.anphatpc.com.vn/o-cung-ssd-samsung-870-evo-500gb-2.5-quot-sata-3-mz-77e500bw_id36410.html
An Phát Computer (Hà Nội),SSD,Ổ cứng SSD AGI AI238 256GB 2.5 inch SATA III - AGI250GIMAI238-CB,1.999.000,+0%,,,,https://www.anphatpc.com.vn/o-cung-ssd-agi-ai238-256gb-2.5-inch-sata-iii-agi250gimai238-cb.html
An Phát Computer (Hà Nội),SSD,Ổ cứng SSD KINGMAX Zeus 512GB PQ3480 NVMe M.2 2280 PCIe Gen 3.0 x4,2.999.000,+0%,,,,https://www.anphatpc.com.vn/o-cung-ssd-kingmax-zeus-512gb-pq3480-nvme-m-2-2280-pcie-gen-3-0-x4.html
An Phát Computer (Hà Nội),SSD,Ổ cứng SSD KINGMAX Zeus PQ3480 512GB LITE NVMe M.2 2280 PCIe Gen 3.0 x4,2.999.000,+0%,,,,https://www.anphatpc.com.vn/o-cung-ssd-kingmax-zeus-pq3480-512gb-lite-nvme-m.2-2280-pcie-gen-3.0-x4.html
An Phát Computer (Hà Nội),SSD,Ổ cứng SSD Kingston A400 240GB SA400S37/240G,2.999.000,+0%,,,,https://www.anphatpc.com.vn/o-cung-ssd-kingston-a400-240gb-sa400s37240g.html
An Phát Computer (Hà Nội),SSD,Ổ cứng SSD Apacer 256GB AS2280P4 M.2 NVMe PCIe Gen 3 x4 (AP256GAS2280P4-1),1.999.000,+0%,,,,https://www.anphatpc.com.vn/o-cung-ssd-apacer-256gb-as2280p4-m.2-pcie-gen-3-x4-ssd_id38668.html
An Phát Computer (Hà Nội),SSD,Ổ cứng Western Digital Red Plus 4TB 3.5 inch 128MB Cache 5400RPM WD40EFZZ,7.999.000,+0%,,,,https://www.anphatpc.com.vn/o-cung-western-digital-red-plus-4tb-3.5-inch-128mb-cache-5400rpm-wd40efzz.html
An Phát Computer (Hà Nội),SSD,Ổ cứng SSD Samsung 990 EVO Plus 1TB M.2 NVMe M.2 2280 PCIe Gen4.0 x4/5.0 x2 MZ-V9S1T0BW,8.999.000,+0%,,,,https://www.anphatpc.com.vn/o-cung-ssd-samsung-990-evo-plus-1tb-m.2-nvme-m.2-2280-pcie-gen4.0-x4/5.0-x2-mz-v9s1t0bw.html
An Phát Computer (Hà Nội),Laptop,Laptop ASUS Gaming V16 V3607VJ-TK189W (Intel Core 5 210H | RTX 3050 6GB | 16-inch WUXGA | 16GB | 512GB | Windows 11 | Đen),32.990.000,+0%,,,,https://www.anphatpc.com.vn/laptop-asus-gaming-v16-v3607vj-tk189w.html
An Phát Computer (Hà Nội),Laptop,Laptop HP 250R G10 C3SH7AT (Intel Core 5 120U | 16GB | 512GB | Intel Graphics | 15.6 inch FHD IPS | Win 11 | Bạc),27.990.000,+0%,,,,https://www.anphatpc.com.vn/laptop-hp-250r-g10-c3sh7at.html
An Phát Computer (Hà Nội),Laptop,Laptop MSI Cyborg 15 C13WEO-417VN (Intel Core i7-13620H | RTX 5050 8GB | 15.6 inch FHD 144Hz | 16GB | 512GB | Win 11 | Xám),36.990.000,+0%,,,,https://www.anphatpc.com.vn/laptop-msi-cyborg-15-c13weo-417vn.html
An Phát Computer (Hà Nội),Laptop,Laptop ASUS TUF Gaming F16 FX607VJR-TU328W (Intel Core 7 Processor 230H | RTX 3050 | 16 inch FHD+ 144Hz | 16GB | 512GB | Win 11 | Xám),33.990.000,+0%,,,,https://www.anphatpc.com.vn/laptop-asus-tuf-gaming-f16-fx607vjr-tu328w.html
An Phát Computer (Hà Nội),Laptop,Laptop GIGABYTE GAMING EAGLE 9LJR2VNF93SH (AMD Ryzen 5 7533HS | RTX 3050 6GB GDDR6 | 16-inch FHD+ | 16 GB | 512GB | Win 11 Home SL | Đen),30.990.000,+0%,,,,https://www.anphatpc.com.vn/laptop-gigabyte-gaming-eagle-9ljr2vnf93sh.html
An Phát Computer (Hà Nội),Laptop,Laptop ASUS Vivobook 14 X1407CA-LY203W (Intel Core Ultra 5 Processor 225H | Intel Graphics | 14 inch WUXGA | 16GB | 512GB | Win 11 | Bạc),33.490.000,+0%,,,,https://www.anphatpc.com.vn/laptop-asus-vivobook-14-x1407ca-ly203w.html
An Phát Computer (Hà Nội),Laptop,Laptop Dell 15 DC15250-i5U165W11SLU-5 (Intel Core i5-1334U | 16GB | 512GB | Intel Graphics | 15.6 inch FHD | Win 11 | Office | Bạc),25.990.000,+0%,,,,https://www.anphatpc.com.vn/laptop-dell-15-dc15250-i5u165w11slu-5.html
An Phát Computer (Hà Nội),Laptop,Laptop Acer Aspire Go 14 AG14-72P-563L NX.JSBSV.002 (Intel Core 5 processor 120U | 16GB | 512GB | Intel UHD | 14 inch FHD+ | Win 11 | Bạc),23.990.000,+0%,,,,https://www.anphatpc.com.vn/laptop-acer-aspire-go-14-ag14-72p-563l-nx.jsbsv.002.html
An Phát Computer (Hà Nội),Laptop,Laptop Acer Aspire Go 14 AI AG14-I71M-50AL NX.W25SV.001 (Intel Core Ultra 5 processor 125H | Intel Arc | 14 inch FHD+ | 16GB | 512GB | Win 11 | Xám),26.990.000,+0%,,,,https://www.anphatpc.com.vn/laptop-acer-aspire-go-14-ai-ag14-i71m-50al-nx.w25sv.001.html
An Phát Computer (Hà Nội),Laptop,Laptop Lenovo IdeaPad Slim 3 14IWC11 83RQ002PVN (Intel Core 5 320 | Intel Graphics | 14 inch WUXGA IPS | 8GB | 512GB | Win 11 | Xám),22.990.000,+0%,,,,https://www.anphatpc.com.vn/laptop-lenovo-ideapad-slim-3-14iwc11-83rq002pvn.html
An Phát Computer (Hà Nội),Laptop,Laptop ASUS Vivobook Go 14 E1404FA-EB935W (AMD Mendocino R5 | AMD Radeon Graphics | 14.0-inch FHD | 16GB | 512GB | Windows 11 | Bạc),25.490.000,+0%,,,,https://www.anphatpc.com.vn/laptop-asus-vivobook-go-14-e1404fa-eb935w.html
An Phát Computer (Hà Nội),Laptop,Laptop HP 15-fd1289TU C2CV8PA (Intel Core Ultra 7 155H | 16GB | 512GB | Intel Arc | 15.6 inch FHD IPS | Win 11 | Bạc),28.990.000,,,,,https://www.anphatpc.com.vn/laptop-hp-15-fd1289tu-c2cv8pa.html
An Phát Computer (Hà Nội),Laptop,Laptop HP 15-fd0823TU C81NMPA (Intel Core i7-1355U | 16GB | 512GB | Intel Iris Xe | 15.6 inch FHD | Win 11 | Bạc),27.990.000,,,,,https://www.anphatpc.com.vn/laptop-hp-15-fd0823tu-c81nmpa.html
An Phát Computer (Hà Nội),Laptop,Laptop HP AI 14-hc0028TU D72BJPA (Intel Core Ultra 5 225U | 16GB | 512GB | Intel® Graphics | 14 inch FHD | Win 11 | Bạc),28.990.000,,,,,https://www.anphatpc.com.vn/laptop-hp-ai-14-hc0028tu-d72bjpa.html
An Phát Computer (Hà Nội),Laptop,"Laptop Dell Pro 14 Essential PV14250-71092352 (Core 5 120U | 16GB | 1TB SSD | 14"" FHD+ | Ubuntu)",28.990.000,,,,,https://www.anphatpc.com.vn/laptop-dell-pro-14-essential-pv14250-71092352.html
An Phát Computer (Hà Nội),Laptop,Laptop Asus ROG Zephyrus G16 GU606AM-TB032W (Intel Core Ultra 9 386H | RTX 5060 | 16 inch 2.5K OLED 240Hz | 32GB | 1TB | Win 11 | Xám),89.999.000,,,,,https://www.anphatpc.com.vn/laptop-asus-rog-zephyrus-g16-gu606am-tb032w.html
An Phát Computer (Hà Nội),Laptop,Laptop ASUS ROG Zephyrus G16 GU605CP-QR141W (Intel Core Ultra 7 255H | RTX 5070 8GB GDDR7 | 16-inch 2.5K | 32GB | 512GB | Windows 11 Home | Túi | Xám),83.990.000,,,,,https://www.anphatpc.com.vn/laptop-asus-rog-zephyrus-g16-gu605cp-qr141w.html
An Phát Computer (Hà Nội),Laptop,Laptop Asus ZenBook A14 UX3407NA-QD254W (Snapdragon X2 Elite X2E-88-100 | 32GB | 1TB | Qualcomm Adreno | 14 inch WUXGA OLED | Win 11 | Xám),54.490.000,,,,,https://www.anphatpc.com.vn/laptop-asus-zenbook-a14-ux3407na-qd254w.html
An Phát Computer (Hà Nội),Laptop,Laptop ASUS Zenbook S 14 UX5406AA-SU348W (Intel Core Ultra 9 386H | Intel Graphics | 14.0-inch 3K OLED Cảm ứng | 16GB | 512GB | Windows 11 | Trắng),50.990.000,,,,,https://www.anphatpc.com.vn/laptop-asus-zenbook-s-14-ux5406aa-su348w.html
An Phát Computer (Hà Nội),Laptop,Laptop ASUS Zenbook S 16 UM5606GA-SS441W (AMD Ryzen AI 9 465 | 16GB | 512GB | AMD Radeon | 16 inch 3K OLED | Win 11 | Trắng),44.490.000,,,,,https://www.anphatpc.com.vn/laptop-asus-zenbook-s-16-um5606ga-ss441w.html
An Phát Computer (Hà Nội),Laptop,Laptop ASUS Zenbook 14 UM3406GA-QD075W (AMD Ryzen AI 7 445 | AMD Radeon | 14 inch WUXGA OLED | 16GB | 512GB | Win 11 | Đen),39.990.000,,,,,https://www.anphatpc.com.vn/laptop-asus-zenbook-14-um3406ga-qd075w.html
An Phát Computer (Hà Nội),Laptop,Laptop ASUS Vivobook S14 S3407AA-SF945W (Intel Core Ultra 5 325 | 16GB | 512GB | Intel Arc | 14 WUXGA OLED | Win 11 | Xám),29.290.000,,,,,https://www.anphatpc.com.vn/laptop-asus-vivobook-s14-s3407aa-sf945w.html
An Phát Computer (Hà Nội),Laptop,Laptop ASUS Vivobook Go 15 E1504FA-BQ340W (Ryzen 5 40 | 16GB | 512GB | AMD Radeon | 15.6 inch FHD | Win 11 | Bạc),22.990.000,,,,,https://www.anphatpc.com.vn/laptop-asus-vivobook-go-15-e1504fa-bq340w.html
An Phát Computer (Hà Nội),Laptop,Laptop Thunderobot Gaming 911 S (Intel Core i5-13420H Processor | RTX 3050 | 15.6inch FHD | IPS | 144Hz | 16GB | 512GB | Windows 11 Pro | Đen),26.990.000,,,,,https://www.anphatpc.com.vn/laptop-thunderobot-gaming-911-s-rtx3050.html
An Phát Computer (Hà Nội),HDD,Ổ cứng WD Caviar Blue 1TB 64MB Cache 5400 RPM (WD10EARZ),4.999.000,+0%,,,,https://www.anphatpc.com.vn/o-cung-wd-caviar-blue-1tb-64mb-cache-5400-rpm-wd10earz.html
An Phát Computer (Hà Nội),HDD,Ổ cứng Western Digital Caviar Blue 4TB 256MB Cache 5400RPM WD40EZZX,6.999.000,+0%,,,,https://www.anphatpc.com.vn/o-cung-western-digital-caviar-blue-4tb-256mb-cache-5400rpm-wd40ezzx.html
An Phát Computer (Hà Nội),HDD,Ổ cứng Western Digital Caviar Blue 2TB 64MB Cache 5400rpm ( WD20EARZ),5.999.000,+0%,,,,https://www.anphatpc.com.vn/o-cung-western-digital-caviar-blue-2tb-64mb-cache-5400rpm-wd20earz.html
An Phát Computer (Hà Nội),HDD,Ổ cứng Western Digital Caviar Blue 2TB 256MB Cache 7200rpm ( WD20EZBX),5.999.000,+0%,,,,https://www.anphatpc.com.vn/o-cung-western-digital-caviar-blue-2tb-256mb-cache-7200rpm-wd20ezbx.html
An Phát Computer (Hà Nội),HDD,Ổ cứng Western Digital Enterprise Ultrastar HA340 6TB 7200RPM 256MB- WUS721206BLE6L4,12.999.000,+0%,,,,https://www.anphatpc.com.vn/o-cung-western-digital-enterprise-ultrastar-ha340-6tb-7200rpm-256mb-wus721206ble604.html
An Phát Computer (Hà Nội),HDD,Ổ cứng Western Digital Enterprise Ultrastar HA340 8TB 7200RPM 256MB- WUS721208BLE6L4,13.999.000,+0%,,,,https://www.anphatpc.com.vn/o-cung-western-digital-enterprise-ultrastar-ha340-8tb-7200rpm-256mb-wus721208ble6l4.html
An Phát Computer (Hà Nội),HDD,Ổ Cứng Western Digital Purple 8TB 256MB Cache WD85PURZ,12.999.000,+0%,,,,https://www.anphatpc.com.vn/o-cung-western-digital-purple-8tb-256mb-cache-wd85purz.html
An Phát Computer (Hà Nội),HDD,Ổ cứng Seagate Barracuda 2TB 256MB cache (ST2000DM008),5.999.000,+0%,,,,https://www.anphatpc.com.vn/o-cung-seagate-barracuda-2tb-256mb-cache-st2000dm008.html
An Phát Computer (Hà Nội),HDD,Ổ Cứng Western Digital Purple Pro 10TB 3.5 inch SATA 3 512MB Cache 7200RPM WD102PURP,15.999.000,+0%,,,,https://www.anphatpc.com.vn/o-cung-western-digital-purple-pro-10tb-3.5-inch-sata-3-512mb-cache-7200rpm-wd102purp.html
An Phát Computer (Hà Nội),HDD,Ổ Cứng Western Digital Purple 6TB 256MB Cache (WD64PURZ),8.999.000,+0%,,,,https://www.anphatpc.com.vn/o-cung-western-digital-purple-6tb-256mb-cache-wd64purz.html
An Phát Computer (Hà Nội),HDD,Ổ cứng Western Digital Red Plus 4TB 3.5 inch 128MB Cache 5400RPM WD40EFZZ,7.999.000,+0%,,,,https://www.anphatpc.com.vn/o-cung-western-digital-red-plus-4tb-3.5-inch-128mb-cache-5400rpm-wd40efzz.html
An Phát Computer (Hà Nội),HDD,Ổ cứng Seagate Skyhawk 6TB ST6000VX009 SATA 5400RPM 256MB cache,7.999.000,+0%,,,,https://www.anphatpc.com.vn/o-cung-seagate-skyhawk-6tb-st6000vx009-sata-5400rpm-256mb-cache.html
An Phát Computer (Hà Nội),HDD,Ổ cứng Seagate Barracuda 4TB ST4000DM004,5.049.000,+0%,,,,https://www.anphatpc.com.vn/seagate-barracuda-4tb-7200rpm-64mb-cache-sata-60gbs-st4000dm000.html
An Phát Computer (Hà Nội),HDD,Ổ cứng Western Digital Purple 4TB 128MB Cache 5400RPM WD44PURZ,5.999.000,+0%,,,,https://www.anphatpc.com.vn/o-cung-western-digital-purple-4tb-128mb-cache-5400rpm-wd44purz.html
An Phát Computer (Hà Nội),HDD,Ổ cứng Seagate Skyhawk 1TB ST1000VX013 SATA 5900RPM 64MB cache,3.999.000,+0%,,,,https://www.anphatpc.com.vn/o-cung-seagate-skyhawk-1tb-st1000vx013-sata-5900rpm-64mb-cache.html
An Phát Computer (Hà Nội),HDD,"Ổ cứng HDD gắn trong 3.5"" SATA Synology 12TB HAT3310-12T",18.300.000,+0%,,,,https://www.anphatpc.com.vn/o-cung-hdd-gan-trong-3.5-quot-sata-synology-12tb-hat3310-12t.html
An Phát Computer (Hà Nội),HDD,Ổ cứng HPE SSD 240GB 2.5' SATA RI SFF SC DS SSD (875503-B21),5.590.000,+0%,,,,https://www.anphatpc.com.vn/o-cung-hpe-ssd-240gb-2.5-sata-ri-sff-sc-ds-ssd-875503-b21_id37077.html
An Phát Computer (Hà Nội),HDD,Ổ cứng Western Digital Enterprise Ultrastar HC555 16TB 7200RPM 512MB- WUH722016CLE6L4,26.999.000,,,,,https://www.anphatpc.com.vn/o-cung-western-digital-enterprise-ultrastar-hc555-16tb-7200rpm-512mb-wuh722016cle6l4.html
An Phát Computer (Hà Nội),HDD,Ổ cứng Seagate Skyhawk 4TB 3.5'' ST4000VX016 (Chuyên dụng cho Camera),5.999.000,+0%,,,,https://www.anphatpc.com.vn/o-cung-seagate-skyhawk-4tb-3.5-st4000vx016-chuyen-dung-cho-camera.html
An Phát Computer (Hà Nội),HDD,Ổ cứng Seagate Skyhawk AI 8TB 3.5'' ST8000VE001 (Chuyên dụng cho Camera),15.999.000,+0%,,,,https://www.anphatpc.com.vn/o-cung-seagate-skyhawk-ai-8-tb-3.5-st8000ve001-chuyen-dung-cho-camera_id39884.html
An Phát Computer (Hà Nội),HDD,Ổ cứng Seagate Skyhawk 8TB ST8000VX010 SATA 5400RPM 256MB cache,12.999.000,+0%,,,,https://www.anphatpc.com.vn/o-cung-seagate-skyhawk-8tb-st8000vx010-sata-5400rpm-256mb-cache.html
An Phát Computer (Hà Nội),HDD,Ổ cứng Seagate Ironwolf 10TB NAS SATA 7200rpm 256MB cache (ST10000VN000),16.999.000,,,,,https://www.anphatpc.com.vn/o-cung-seagate-ironwolf-10tb-nas-sata-7200rpm-256mb-cache-st10000vn000.html
An Phát Computer (Hà Nội),HDD,Ổ cứng Western Digital Enterprise Ultrastar HA340 10TB 7200RPM 512MB- WUS721210BLE6L4,16.999.000,,,,,https://www.anphatpc.com.vn/o-cung-western-digital-enterprise-ultrastar-ha340-10tb-7200rpm-512mb-wus721210ble6l4.html
An Phát Computer (Hà Nội),HDD,"Ổ cứng HDD NAS Seagate Ironwolf Pro 8TB 3.5"" Sata (ST8000NT001)",12.999.000,,,,,https://www.anphatpc.com.vn/o-cung-hdd-nas-seagate-ironwolf-pro-8tb-3.5-quot-sata-st8000nt001.html
An Phát Computer (Hà Nội),VGA - Card màn hình,VGA ASUS Prime RTX 5050 8GB GDDR6 OC Edition (PRIME-RTX5050-O8G),9.999.000,+0%,,,,https://www.anphatpc.com.vn/vga-asus-prime-rtx-5050-8gb-gddr6-oc-edition-prime-rtx5050-o8g.html
An Phát Computer (Hà Nội),VGA - Card màn hình,VGA Asus Dual RX 9060 XT 16GB GDDR6 (DUAL RX9060XT-16G),17.999.000,+0%,,,,https://www.anphatpc.com.vn/vga-asus-dual-rx-9060-xt-16gb-gddr6-dual-rx9060xt-16g.html
An Phát Computer (Hà Nội),VGA - Card màn hình,VGA Asus DUAL RTX 3050 6GB (DUAL-RTX3050-6G),7.999.000,+0%,,,,https://www.anphatpc.com.vn/vga-asus-dual-rtx-3050-6gb-dual-rtx3050-6g.html
An Phát Computer (Hà Nội),VGA - Card màn hình,VGA Asus TUF GAMING RTX 5070 Ti 16G GDDR7 WHITE OC (TUF-RTX5070TI-WHITE-GAMING),39.999.000,+0%,,,,https://www.anphatpc.com.vn/vga-asus-tuf-gaming-rtx-5070-ti-16g-gddr7-white-oc.html
An Phát Computer (Hà Nội),VGA - Card màn hình,VGA Asus TUF GAMING RTX 5090 32GB GDDR7 OC (TUF-RTX5090-O32G-GAMING),199.999.000,+0%,,,,https://www.anphatpc.com.vn/vga-asus-tuf-rtx-5090-32gb-gddr7-oc.html
An Phát Computer (Hà Nội),VGA - Card màn hình,VGA ASUS Dual RTX 5050 8GB GDDR6 OC Edition (DUAL-RTX5050-O8G),12.199.000,+0%,,,,https://www.anphatpc.com.vn/vga-asus-dual-rtx-5050-8gb-gddr6-oc-edition-dual-rtx5050-o8g.html
An Phát Computer (Hà Nội),VGA - Card màn hình,VGA ASUS PRIME RTX 5060 Ti 16GB GDDR7 (PRIME-RTX5060TI-16G),21.999.000,+0%,,,,https://www.anphatpc.com.vn/vga-asus-prime-rtx-5060-ti-16gb-gddr7-prime-rtx5060ti-16g.html
An Phát Computer (Hà Nội),VGA - Card màn hình,VGA Asus ROG Astral RTX 5080 16GB GDDR7 OC (ROG-ASTRAL-RTX5080-O16G-GAMING),59.999.000,+0%,,,,https://www.anphatpc.com.vn/vga-asus-rog-astral-rtx-5080-16gb-gddr7-oc.html
An Phát Computer (Hà Nội),VGA - Card màn hình,VGA Asus ROG Astral RTX 5090 32GB GDDR7 OC (ROG-ASTRAL-RTX5090-O32G-GAMING),200.000.000,+0%,,,,https://www.anphatpc.com.vn/vga-asus-rog-astral-rtx-5090-32gb-gddr7-oc.html
An Phát Computer (Hà Nội),VGA - Card màn hình,VGA ASUS Dual RTX 5060 8GB GDDR7 OC (DUAL-RTX5060-O8G),11.999.000,+0%,,,,https://www.anphatpc.com.vn/vga-asus-dual-rtx-5060-8gb-gddr7-oc-dual-rtx5060-o8g.html
An Phát Computer (Hà Nội),VGA - Card màn hình,VGA Asus Prime RTX 5070 Ti 16GB GDDR7 (PRIME-RTX5070TI-16G),37.999.000,+0%,,,,https://www.anphatpc.com.vn/vga-asus-prime-rtx-5070-ti-16gb-gddr7.html
An Phát Computer (Hà Nội),VGA - Card màn hình,VGA ASUS Dual RTX 5060 Ti 8GB GDDR7 OC (DUAL-RTX5060TI-O8G),20.000.000,+0%,,,,https://www.anphatpc.com.vn/vga-asus-dual-rtx-5060-ti-8gb-gddr7-oc-dual-rtx5060ti-o8g.html
An Phát Computer (Hà Nội),VGA - Card màn hình,VGA ASUS Dual RTX 5060 8GB GDDR7 OC - A (DUAL-RTX5060-O8G-A),19.890.000,+0%,,,,https://www.anphatpc.com.vn/vga-asus-dual-rtx-5060-8gb-gddr7-oc.html
An Phát Computer (Hà Nội),VGA - Card màn hình,VGA Asus DUAL RTX 3050 OC 6GB (DUAL-RTX3050-O6G),7.999.000,+0%,,,,https://www.anphatpc.com.vn/vga-asus-dual-rtx-3050-oc-6gb-dual-rtx3050-o6g.html
An Phát Computer (Hà Nội),VGA - Card màn hình,VGA Gigabyte Radeon RX 6500 XT EAGLE 4G (GV-R65XTEAGLE-4GD),6.999.000,+0%,,,,https://www.anphatpc.com.vn/vga-gigabyte-radeon-rx-6500-xt-eagle-4g-gv-r65xteagle-4gd.html
An Phát Computer (Hà Nội),VGA - Card màn hình,VGA Nvidia RTX PRO 6000 96GB Blackwell Workstation Edition 600W,649.000.000,+0%,,,,https://www.anphatpc.com.vn/vga-leadtek-rtx-pro-6000-96gb-blackwell-workstation-edition-600w.html
An Phát Computer (Hà Nội),VGA - Card màn hình,VGA Gigabyte GeForce RTX 3060 WINDFORCE OC 12GB (N3060WF2OC -12GD),18.000.000,+0%,,,,https://www.anphatpc.com.vn/vga-gigabyte-geforce-rtx-3060-windforce-oc-12gb-n3060wf2oc-12gd.html
An Phát Computer (Hà Nội),VGA - Card màn hình,VGA Gigabyte RTX 5060 TI Gaming OC 8GB GDDR7 (N506TGAMING OC-8GD),17.799.000,+0%,,,,https://www.anphatpc.com.vn/vga-gigabyte-rtx-5060-ti-gaming-oc-8gb-gddr7-n506tgaming-oc-8gd.html
An Phát Computer (Hà Nội),VGA - Card màn hình,VGA Gigabyte RTX 5090 GAMING OC 32GB (N5090GAMING OC-32GD),185.000.000,+0%,,,,https://www.anphatpc.com.vn/vga-gigabyte-rtx-5090-gaming-oc-32gb-n5090gaming-oc-32gd.html
An Phát Computer (Hà Nội),VGA - Card màn hình,VGA ASUS DUAL RTX5060 O8G EVO (DUAL-RTX5060-O8G-EVO),20.000.000,+0%,,,,https://www.anphatpc.com.vn/vga-asus-dual-rtx5060-o8g-evo.html
An Phát Computer (Hà Nội),VGA - Card màn hình,VGA Gigabyte RTX 5060 Ti Windforce Max OC 8GB GDDR7 (N506TWF2MAXOC_8GD),19.999.000,+0%,,,,https://www.anphatpc.com.vn/vga-gigabyte-rtx-5060-ti-windforce-max-oc-8gb-gddr7-n506twf2maxoc_8gd.html
An Phát Computer (Hà Nội),VGA - Card màn hình,VGA ASUS T1 GeForce RTX 5060Ti 8GB GDDR7 OC Edition (T1-RTX5060TI-O8G-GAMING),21.899.000,+0%,,,,https://www.anphatpc.com.vn/vga-asus-t1-rtx5060ti-o8g-gaming.html
An Phát Computer (Hà Nội),VGA - Card màn hình,VGA Gigabyte RTX 5060 Ti Eagle MAX OC 8GB GDDR7 (GAN506TEAGLEMAXOC_8GD),19.890.000,+0%,,,,https://www.anphatpc.com.vn/vga-gigabyte-rtx-5060-ti-eagle-max-oc-8gb-gddr7-gan506teaglemaxoc_8gd.html
An Phát Computer (Hà Nội),VGA - Card màn hình,VGA Gigabyte RTX 5060 WINDFORCE MAX OC 8GB (N5060WF2MAX OC-8GD),16.690.000,+0%,,,,https://www.anphatpc.com.vn/vga-gigabyte-rtx-5060-windforce-max-oc-8gb-n5060wf2max-oc-8gd.html
An Phát Computer (Hà Nội),Mainboard,Mainboard Gigabyte B760M AORUS ELITE WIFI6E DDR4 GEN5,3.789.000,+0%,,,,https://www.anphatpc.com.vn/mainboard-gigabyte-b760m-aorus-elite-wifi6e-ddr4-gen5.html
An Phát Computer (Hà Nội),Mainboard,Mainboard Asus TUF Gaming B650M-E DDR5,3.590.000,+0%,,,,https://www.anphatpc.com.vn/mainboard-asus-tuf-gaming-b650m-e-ddr5.html
An Phát Computer (Hà Nội),Mainboard,Mainboard MSI B760M GAMING PLUS WIFI DDR4,4.999.000,+0%,,,,https://www.anphatpc.com.vn/mainboard-msi-b760m-gaming-plus-wifi-ddr4.html
An Phát Computer (Hà Nội),Mainboard,Mainboard Asus TUF GAMING X870-PLUS WIFI DDR5,10.999.000,+0%,,,,https://www.anphatpc.com.vn/mainboard-asus-tuf-gaming-x870-plus-wifi-ddr5.html
An Phát Computer (Hà Nội),Mainboard,Mainboard Asus Z890M-PLUS WIFI CSM DDR5,5.599.000,+0%,,,,https://www.anphatpc.com.vn/mainboard-asus-z890m-plus-wifi-csm-ddr5.html
An Phát Computer (Hà Nội),Mainboard,Mainboard MSI PRO Z890-S WIFI6E DDR5 (Wifi+Bluetooth+Thunderbolt 4),7.999.000,+0%,,,,https://www.anphatpc.com.vn/mainboard-msi-pro-z890-s-wifi6e-ddr5.html
An Phát Computer (Hà Nội),Mainboard,Mainboard Gigabyte Z790M AORUS ELITE AX DDR5 (Wifi+Bluetooth),7.699.000,+0%,,,,https://www.anphatpc.com.vn/mainboard-gigabyte-z790m-aorus-elite-ax-ddr5.html
An Phát Computer (Hà Nội),Mainboard,Mainboard Gigabyte B760M Aorus Elite WIFI6E GEN5 DDR5 (Bluetooth),5.999.000,+0%,,,,https://www.anphatpc.com.vn/mainboard-gigabyte-b760m-aorus-elite-wifi6e-gen5-ddr5-bluetooth.html
An Phát Computer (Hà Nội),Mainboard,Mainboard Gigabyte Z890 AORUS ELITE WIFI7 Plus DDR5 (Wifi+Bluetooth+Thunderbolt 4),8.999.000,+0%,,,,https://www.anphatpc.com.vn/mainboard-gigabyte-z890-aorus-elite-wifi7-plus-ddr5-wifi-bluetooth-thunderbolt-4.html
An Phát Computer (Hà Nội),Mainboard,Mainboard Asus PRIME B760M-A DDR4,3.999.000,+0%,,,,https://www.anphatpc.com.vn/mainboard-asus-prime-b760m-a-ddr4.html
An Phát Computer (Hà Nội),Mainboard,Mainboard Asus TUF GAMING B760M-PLUS WIFI DDR4,4.999.000,+0%,,,,https://www.anphatpc.com.vn/mainboard-asus-tuf-gaming-b760m-plus-wifi-ddr4.html
An Phát Computer (Hà Nội),Mainboard,Mainboard MSI Pro Z790-P Wifi DDR4,5.999.000,+0%,,,,https://www.anphatpc.com.vn/mainboard-msi-pro-z790-p-wifi-ddr4.html
An Phát Computer (Hà Nội),Mainboard,Mainboard Gigabyte B760M Aorus Elite GEN5 DDR5,4.599.000,+0%,,,,https://www.anphatpc.com.vn/mainboard-gigabyte-b760m-aorus-elite-gen5-ddr5.html
An Phát Computer (Hà Nội),Mainboard,Mainboard ASROCK B550M Pro4,3.999.000,+0%,,,,https://www.anphatpc.com.vn/mainboard-asrock-b550m-pro4.html
An Phát Computer (Hà Nội),Mainboard,Mainboard MSI PRO H810M-E DDR5,4.999.000,+0%,,,,https://www.anphatpc.com.vn/mainboard-msi-pro-h810m-e-ddr5.html
An Phát Computer (Hà Nội),Mainboard,Mainboard Gigabyte B760M GAMING PLUS WIFI DDR4 (Bluetooth),3.599.000,+0%,,,,https://www.anphatpc.com.vn/mainboard-gigabyte-b760m-gaming-plus-wifi-ddr4.html
An Phát Computer (Hà Nội),Mainboard,Mainboard Asus B760M-AYW WIFI DDR4,3.499.000,+0%,,,,https://www.anphatpc.com.vn/mainboard-asus-b760m-ayw-wifi-ddr4.html
An Phát Computer (Hà Nội),Mainboard,Mainboard Gigabyte Z790 D DDR4​,5.599.000,+0%,,,,https://www.anphatpc.com.vn/mainboard-gigabyte-z790-d-ddr4.html
An Phát Computer (Hà Nội),Mainboard,Mainboard Gigabyte X870 Aorus Elite Wifi7 DDR5,10.499.000,+0%,,,,https://www.anphatpc.com.vn/mainboard-gigabyte-x870-aorus-elite-wifi7-ddr5.html
An Phát Computer (Hà Nội),Mainboard,Mainboard Gigabyte B760M GAMING WIFI6 PLUS GEN5 DDR5 (Bluetooth),3.999.000,+0%,,,,https://www.anphatpc.com.vn/mainboard-gigabyte-b760m-gaming-wifi6-plus-gen5-ddr5-bluetooth.html
An Phát Computer (Hà Nội),Mainboard,Mainboard MSI B860M Gaming Plus Wifi DDR5,5.999.000,+0%,,,,https://www.anphatpc.com.vn/mainboard-msi-b860m-gaming-plus-wifi-ddr5.html
An Phát Computer (Hà Nội),Mainboard,Mainboard Gigabyte B550M H ARGB,4.999.000,+0%,,,,https://www.anphatpc.com.vn/mainboard-gigabyte-b550m-h-argb.html
An Phát Computer (Hà Nội),Mainboard,Mainboard MSI X870E Gaming Plus Wifi DDR5,9.999.000,+0%,,,,https://www.anphatpc.com.vn/mainboard-msi-x870e-gaming-plus-wifi-ddr5.html
An Phát Computer (Hà Nội),Mainboard,Mainboard Gigabyte B760M H V2 DDR5,4.999.000,,,,,https://www.anphatpc.com.vn/mainboard-gigabyte-b760m-h-v2-ddr5.html
An Phát Computer (Hà Nội),PSU - Nguồn máy tính,Laptop ASUS Vivobook Go 14 E1404FA-EB935W (AMD Mendocino R5 | AMD Radeon Graphics | 14.0-inch FHD | 16GB | 512GB | Windows 11 | Bạc),18.990.000,-25.5%,,,,https://www.anphatpc.com.vn/laptop-asus-vivobook-go-14-e1404fa-eb935w.html
An Phát Computer (Hà Nội),PSU - Nguồn máy tính,Bộ Lưu Điện UPS Online SANTAK RACK1K (1000VA-800W-900W),9.990.000,,,,,https://www.anphatpc.com.vn/bo-luu-dien-ups-online-santak-rack1k-1000va-800w-900w.html
An Phát Computer (Hà Nội),PSU - Nguồn máy tính,Bộ Lưu Điện UPS Line Interactive APC Easy BV1000I-MS (600W-1000VA),1.790.000,,,,,https://www.anphatpc.com.vn/bo-luu-dien-ups-line-interactive-apc-easy-bv1000i-ms-600w-1000va.html
An Phát Computer (Hà Nội),PSU - Nguồn máy tính,Máy in laser đen trắng HP 108W 4ZB80A (In| A4| A5| USB/WIFI),3.090.000,,,,,https://www.anphatpc.com.vn/may-in-laser-den-trang-hp-108w-4zb80a.html
An Phát Computer (Hà Nội),Màn hình,Màn Hình Đồ Họa SAMSUNG ViewFinity S8 LS27B800PXEXXV (27.0 inch - 4K - IPS - 60Hz - 5ms - USB TypeC - Network RJ45),8.589.000,+0%,,,,https://www.anphatpc.com.vn/man-hinh-may-tinh-samsung-viewfinity-s8-ls27b800pxexxv-27-inch-4k-ips-60hz-usc-c-rj45.html
An Phát Computer (Hà Nội),Màn hình,Màn Hình ASUS VP227HF (21.45 inch - VA - FHD - 100Hz - 1ms),2.999.000,+0%,,,,https://www.anphatpc.com.vn/man-hinh-asus-vp227hf.html
An Phát Computer (Hà Nội),Màn hình,Màn Hình Dell SE2725HG (27 inch - IPS - FHD - 200Hz - 1ms),4.599.000,+0%,,,,https://www.anphatpc.com.vn/man-hinh-dell-27-se2725hg.html
An Phát Computer (Hà Nội),Màn hình,Màn Hình MSI PRO MP275 E14L (27 inch - IPS - FHD - 144Hz - 1ms - Speaker),3.999.000,+0%,,,,https://www.anphatpc.com.vn/man-hinh-msi-pro-mp275-e14l.html
An Phát Computer (Hà Nội),Màn hình,Màn Hình ViewSonic VA2432-H-2 (23.8 inch - IPS - FHD - 100Hz - 1ms),2.499.000,+0%,,,,https://www.anphatpc.com.vn/man-hinh-viewsonic-va2432-h-2.html
An Phát Computer (Hà Nội),Màn hình,Màn Hình SAMSUNG LS24D300GAEXXV (24 inch - IPS - FHD - 5ms - 100Hz),2.999.000,+0%,,,,https://www.anphatpc.com.vn/man-hinh-samsung-ls24d300gaexxv.html
An Phát Computer (Hà Nội),Màn hình,Màn Hình Đồ Họa ASUS ProArt PA248QFV (24.1 inch - IPS - WUXGA - 100Hz - 5ms - Speaker),6.999.000,+0%,,,,https://www.anphatpc.com.vn/man-hinh-do-hoa-asus-proart-pa248qfv.html
An Phát Computer (Hà Nội),Màn hình,Màn Hình MSI PRO MP242L (23.8 inch - IPS - 100Hz - FHD - 1ms),2.599.000,,,,,https://www.anphatpc.com.vn/man-hinh-msi-pro-mp242l.html
An Phát Computer (Hà Nội),Màn hình,Màn Hình SAMSUNG Odyssey G3 G30D LS27DG302EEXXV (27 inch - VA - FHD - 180Hz - 1ms),4.599.000,+0%,,,,https://www.anphatpc.com.vn/man-hinh-samsung-odyssey-g3-g30d-ls27dg302eexxv.html
An Phát Computer (Hà Nội),Màn hình,Màn Hình AOC 27B36XE (27 inch - IPS - FHD - 144Hz - 0.5ms),3.999.000,+0%,,,,https://www.anphatpc.com.vn/man-hinh-aoc-27b36xe.html
An Phát Computer (Hà Nội),Màn hình,Màn Hình AOC 22B40HM (21.45 inch - VA - FHD - 120Hz - 1ms),2.599.000,+0%,,,,https://www.anphatpc.com.vn/man-hinh-aoc-22b40hm.html
An Phát Computer (Hà Nội),Màn hình,Màn Hình MSI PRO MP225 E12VL (21.45 inch - VA - FHD - 120Hz - 1ms),2.599.000,+0%,,,,https://www.anphatpc.com.vn/man-hinh-msi-pro-mp225-e12vl.html
An Phát Computer (Hà Nội),Màn hình,Giá treo tivi di động Ergotek E2100 (32-79 inch) - tích hợp khay Camera,1.250.000,,,,,https://www.anphatpc.com.vn/gia-treo-tivi-di-dong-ergotek-e2100.html
An Phát Computer (Hà Nội),Màn hình,Màn Hình Gaming SAMSUNG Odyssey 3D G90XF LS27FG900XEXXV (27 inch - IPS - 4K - 165Hz - 1ms - Speaker),49.990.000,+0%,,,,https://www.anphatpc.com.vn/man-hinh-gaming-samsung-odyssey-3d-g90xf-ls27fg900xexxv.html
An Phát Computer (Hà Nội),Màn hình,Màn hình ACER SA272U E UM.HS2SV.E03 (27 inch - 2K - IPS - 100Hz - 4ms - Trắng - Speaker),4.899.000,+0%,,,,https://www.anphatpc.com.vn/man-hinh-acer-sa272u-e-um.hs2sv.e03.html
An Phát Computer (Hà Nội),Màn hình,Màn Hình QDT QT27MF (27 inch - FHD - IPS - 100Hz),2.999.000,+0%,,,,https://www.anphatpc.com.vn/man-hinh-qdt-qt27mf-27-inch-fhd-ips-100hz.html
An Phát Computer (Hà Nội),Màn hình,Màn Hình QDT QT24MF (23.8 inch - FHD - IPS - 100Hz),2.299.000,+0%,,,,https://www.anphatpc.com.vn/man-hinh-qdt-qt24mf-23.8-inch-fhd-ips-100hz.html
An Phát Computer (Hà Nội),Màn hình,Màn Hình SAMSUNG S32GF LS24F320GAEXXV (24 inch - IPS - FHD - 120Hz - 5ms),2.999.000,+0%,,,,https://www.anphatpc.com.vn/man-hinh-samsung-s3-s32gf-ls24f320gaexxv.html
An Phát Computer (Hà Nội),Màn hình,Màn Hình Acer SA272U G0 UM.HS2SV.002 (27 inch - IPS - 2K - 120Hz - 1ms - Trắng - Speaker),4.999.000,+0%,,,,https://www.anphatpc.com.vn/man-hinh-acer-sa272u-g0-um.hs2sv.002.html
An Phát Computer (Hà Nội),Màn hình,Màn Hình Acer KA272 G0 UM.HX2SV.003 (27 inch - IPS - FHD - 120Hz - 1ms - Speaker),2.999.000,+0%,,,,https://www.anphatpc.com.vn/man-hinh-acer-ka272-g0-um.hx2sv.003.html
An Phát Computer (Hà Nội),Màn hình,Màn Hình ViewSonic XG2735-2K (27 inch - IPS - 2K - 210Hz - 1ms),5.999.000,+0%,,,,https://www.anphatpc.com.vn/man-hinh-viewsonic-xg2735-2k.html
An Phát Computer (Hà Nội),Màn hình,Màn Hình ViewSonic VA24G1-H (23.8 inch - IPS - FHD - 144Hz - 1ms),2.999.000,+0%,,,,https://www.anphatpc.com.vn/man-hinh-viewsonic-va24g1-h.html
An Phát Computer (Hà Nội),Màn hình,Màn hình Gaming ASUS TUF VG279Q5R (27 inch - IPS - FHD - 200Hz - 0.3ms - Speaker ),4.999.000,+0%,,,,https://www.anphatpc.com.vn/man-hinh-gaming-asus-tuf-vg279q5r.html
An Phát Computer (Hà Nội),Màn hình,Màn Hình ASUS VA249QG (23.8 inch - IPS - FHD - 120Hz - 1ms - Speaker),4.999.000,+0%,,,,https://www.anphatpc.com.vn/man-hinh-asus-va249qg.html
ThinkPro,RAM,RAM Laptop Samsung DDR4 32GB Bus 3200MHz,2.999.000,+0%,,,,https://thinkpro.vn/ram/ram-laptop-samsung-ddr4-32gb-bus-3200mhz
ThinkPro,RAM,RAM Laptop Samsung DDR4 16GB Bus 3200MHz,990.000,+0%,,,,https://thinkpro.vn/ram/ram-laptop-samsung-16gb-ddr4-3200mhz
ThinkPro,RAM,RAM Laptop Samsung DDR5 8GB Bus 5600MHz,990.000,+0%,,,,https://thinkpro.vn/ram/ram-laptop-samsung-ddr5-8gb-bus-5600mhz
ThinkPro,RAM,RAM Laptop Skhynix DDR4 32GB Bus 3200MHz,1.990.000,+0%,,,,https://thinkpro.vn/ram/ram-laptop-skhynix-ddr4-32gb-bus-3200mhz
ThinkPro,RAM,RAM Laptop Micron DDR4 16GB Bus 3200MHz,990.000,+0%,,,,https://thinkpro.vn/ram/ram-laptop-micron-16gb-ddr4-3200mhz
ThinkPro,RAM,RAM Laptop Kingston DDR5 32GB Bus 4800MHz,2.790.000,+0%,,,,https://thinkpro.vn/ram/ram-laptop-kingston-ddr5-32gb-bus-4800mhz
ThinkPro,RAM,RAM Laptop Skhynix DDR5 8GB Bus 4800MHz,890.000,+0%,,,,https://thinkpro.vn/ram/ram-laptop-skhynix-ddr5-8gb-bus-4800mhz
ThinkPro,RAM,Ram Laptop SK Hynix 32GB DDR5 5600Mhz,4.990.000,+0%,,,,https://thinkpro.vn/ram/ram-laptop-sk-hynix-32gb-ddr5-5600mhz
ThinkPro,RAM,RAM Laptop Crucial DDR5 32GB/64GB Bus 5600MHz,8.990.000,+0%,,,,https://thinkpro.vn/ram/ram-laptop-crucial-32gb-ddr5
ThinkPro,RAM,RAM Laptop Skhynix DDR4 16GB Bus 2400MHz,690.000,+0%,,,,https://thinkpro.vn/ram/ram-laptop-sk-hynix-16gb-ddr4-2400mhz
ThinkPro,RAM,Ram Laptop GSKill 16Gb KVR56S4040A16GX1-RS,5.690.000,+0%,,,,https://thinkpro.vn/ram/ram-laptop-gskill-16gb-kvr56s4040a16gx1-rs
ThinkPro,RAM,Ram Laptop Kingston 16Gb KVR56S46BS8-16,6.679.000,+0%,,,,https://thinkpro.vn/ram/ram-laptop-kingston-16gb-kvr56s46bs8-16
ThinkPro,RAM,Ram Laptop Kingston 16Gb KCP556SS8,6.779.000,+0%,,,,https://thinkpro.vn/ram/ram-laptop-kingston-16gb-kcp556ss8
ThinkPro,RAM,Ram Laptop Kingston 32Gb KCP556SD8,12.390.000,+0%,,,,https://thinkpro.vn/ram/ram-laptop-kingston-32gb-kcp556sd8
ThinkPro,RAM,Ram Laptop Kingston 8Gb KCP432SS8/8,2.599.000,+0%,,,,https://thinkpro.vn/ram/ram-laptop-kingston-8gb-kcp432ss88
ThinkPro,RAM,Ram Laptop Kingston 8Gb KCP556SS6-8,3.790.000,+0%,,,,https://thinkpro.vn/ram/ram-laptop-kingston-8gb-kcp556ss6-8
ThinkPro,RAM,Ram Laptop Kingston 16Gb KVR32S22D8/S8,4.190.000,+0%,,,,https://thinkpro.vn/ram/ram-laptop-kingston-16gb-kvr32s22d8s8
ThinkPro,RAM,Ram Laptop Kingston 8Gb KVR56S46BS6-8,3.990.000,+0%,,,,https://thinkpro.vn/ram/ram-laptop-kingston-8gb-kvr56s46bs6-8
ThinkPro,RAM,Ram Laptop Kingston 8Gb KVR32S22S8/S6,2.390.000,+0%,,,,https://thinkpro.vn/ram/ram-laptop-kingston-8gb-kvr32s22s8s6
ThinkPro,SSD / Ổ cứng,SSD Skhynix 512GB NVME M2 2280,1.490.000,+0%,,,,https://thinkpro.vn/o-cung/o-cung-ssd-sk-hynix-512gb-m2-nvme-2280
ThinkPro,SSD / Ổ cứng,SSD Kioxia 512GB NVME M2 2230,1.490.000,+0%,,,,https://thinkpro.vn/o-cung/o-cung-ssd-kioxia-512gb-nvme-2230
ThinkPro,SSD / Ổ cứng,SSD Kioxia 512GB NVME M2 2280,1.290.000,+0%,,,,https://thinkpro.vn/o-cung/o-cung-ssd-kioxia-512gb-m2-nvme-2280
ThinkPro,SSD / Ổ cứng,SSD WD 512GB NVME M2 2280,1.290.000,+0%,,,,https://thinkpro.vn/o-cung/o-cung-ssd-wd-512gb-m2-nvme-2280
ThinkPro,SSD / Ổ cứng,SSD Samsung 512GB NVME M2 2280,1.490.000,+0%,,,,https://thinkpro.vn/o-cung/o-cung-ssd-samsung-512gb-m2-nvme-2280
ThinkPro,SSD / Ổ cứng,SSD Skhynix 512GB PCIe Gen 3 x4 NVME M2 2230,1.490.000,+0%,,,,https://thinkpro.vn/o-cung/ssd-skhynix-512gb-2230-gen-3-x-4
ThinkPro,SSD / Ổ cứng,SSD Kioxia 256GB NVME M2 2230,399.000,+0%,,,,https://thinkpro.vn/o-cung/o-cung-ssd-kioxia-256gb-nvme-2230
ThinkPro,SSD / Ổ cứng,SSD Samsung PM991A 512GB PCIe Gen 3 x4 NVME M2 2230,1.690.000,+0%,,,,https://thinkpro.vn/o-cung/ssd-samsung-m2-nvme-pm991
ThinkPro,SSD / Ổ cứng,Ổ SSD Kingmax Zeus PX4480 PRO 500GB,2.890.000,+0%,,,,https://thinkpro.vn/o-cung/o-ssd-kingmax-zeus-px4480-pro-500gb
ThinkPro,SSD / Ổ cứng,Ổ SSD Transcend 110S 512GB TS512GMTE110S,2.599.000,+0%,,,,https://thinkpro.vn/o-cung/o-ssd-transcend-110s-512gb-ts512gmte110s
ThinkPro,SSD / Ổ cứng,Ổ SSD Kingston NV3 2TB,9.790.000,+0%,,,,https://thinkpro.vn/o-cung/o-ssd-kingston-nv3-2tb
ThinkPro,SSD / Ổ cứng,Ổ SSD Kingmax PQ3480 1Tb,4.390.000,+0%,,,,https://thinkpro.vn/o-cung/o-ssd-kingmax-pq3480-1tb
ThinkPro,SSD / Ổ cứng,Ổ SSD Kingston SKC3000 512Gb,5.890.000,+0%,,,,https://thinkpro.vn/o-cung/o-ssd-kingston-skc3000-512gb
ThinkPro,SSD / Ổ cứng,Ổ SSD Kingston SKC3000 1TB,6.469.000,+0%,,,,https://thinkpro.vn/o-cung/o-ssd-kingston-skc3000-1tb
ThinkPro,SSD / Ổ cứng,Ổ SSD Sandisk Black SN7100 WDS500G4X0E 500GB,3.890.000,+0%,,,,https://thinkpro.vn/o-cung/o-ssd-sandisk-black-sn7100-wds500g4x0e-500gb
ThinkPro,SSD / Ổ cứng,Ổ SSD Samsung 990 Evo Plus MZ-V9S1T0BW 1Tb,7.699.000,+0%,,,,https://thinkpro.vn/o-cung/o-ssd-samsung-990-evo-plus-mz-v9s1t0bw-1tb
ThinkPro,SSD / Ổ cứng,Ổ SSD Samsung 990 Pro MZ-V9P1T0BW 1Tb,8.569.000,+0%,,,,https://thinkpro.vn/o-cung/o-ssd-samsung-990-pro-mz-v9p1t0bw-1tb
ThinkPro,SSD / Ổ cứng,Ổ SSD Kingston NV3 500Gb,3.190.000,+0%,,,,https://thinkpro.vn/o-cung/o-ssd-kingston-nv3-500gb
ThinkPro,SSD / Ổ cứng,Ổ SSD Samsung 980 MZ-V8V500BW 500Gb,5.890.000,+0%,,,,https://thinkpro.vn/o-cung/o-ssd-samsung-980-mz-v8v500bw-500gb
ThinkPro,Laptop,Apple Macbook Pro 16 (Apple M1),26.990.000,+0%,,,,https://thinkpro.vn/laptop/apple-macbook-pro-16-apple-m1
ThinkPro,Laptop,Apple Macbook Pro 14 (Apple M1),27.990.000,+0%,,,,https://thinkpro.vn/laptop/apple-macbook-pro-14-apple-m1
ThinkPro,Laptop,ASUS ExpertBook P3 PM3406CHA-LY0089W,25.690.000,+0%,,,,https://thinkpro.vn/laptop/asus-expertbook-p3-pm3406cha-ly0089w
ThinkPro,Laptop,ASUS ExpertBook B9 B9403CVAR-KM1305W,39.290.000,,,,,https://thinkpro.vn/laptop/asus-expertbook-b9-b9403cvar-km1305w
ThinkPro,Màn hình,Màn hình gaming ARZOPA M1RC 27'' 180Hz 2K QHD,3.990.000,+0%,,,,https://thinkpro.vn/man-hinh/man-hinh-gaming-arzopa-m1rc-27-180hz-2k-qhd
ThinkPro,Màn hình,Màn hình cong Dell Ultrasharp U4025QW (40Inch/ WUHD/ 5ms/ 120HZ/ 450cd/m2/ IPS),44.990.000,+0%,,,,https://thinkpro.vn/man-hinh/dell-ultrasharp-u4025qw
ThinkPro,Màn hình,Màn hình đồ họa Dell Pro 32 Plus 4K P3225QE (31.5Inch/ 4K/ 5ms/ 100HZ/ 350cd/m2/ IPS),14.879.000,+0%,,,,https://thinkpro.vn/man-hinh/dell-pro-32-plus-4k-p3225qe-315inch-4k-5ms-100hz-350cdm2-ips
ThinkPro,Màn hình,Lenovo L27q-4A 67BFGAC6VN (27Inch/ QHD (2560x1440)/ 4ms/ 100HZ/ 350cd/m2/ IPS/ Loa),4.569.000,+0%,,,,https://thinkpro.vn/man-hinh/lenovo-l27q-4a-67bfgac6vn-27inch-qhd-2560x1440-4ms-100hz-350cdm2-ips-loa
ThinkPro,Màn hình,Lenovo ThinkVision S24i-30 63DEKAR3WW (23.8 inch - FHD - IPS - 4ms - 100Hz),2.469.000,+0%,,,,https://thinkpro.vn/man-hinh/lenovo-thinkvision-s24i-30-63dekar3ww-238-inch-fhd-ips-4ms-100hz
ThinkPro,Màn hình,Dell Alienware AW2725DM (27Inch/ 2K/ 1ms/ 180Hz/ Fast IPS),6.579.000,+0%,,,,https://thinkpro.vn/man-hinh/dell-alienware-aw2725dm-27inch-2k-1ms-180hz-fast-ips
ThinkPro,Màn hình,Dell UltraSharp U3425WE (34Inch/ UWQHD (3440x1440)/ 5ms/ 120Hz/ 300cd/m2/ IPS/ Loa/RJ45 / Type-C),22.559.000,+0%,,,,https://thinkpro.vn/man-hinh/dell-ultrasharp-u3425we-34inch-uwqhd-5ms-120hz-ips-loa-rj45-type-c
ThinkPro,Màn hình,Dell SE2725HM (27Inch/ Full HD/ 5ms/ 100HZ/ 250cd/m2/ IPS/ Black/ 3Y),3.490.000,+0%,,,,https://thinkpro.vn/man-hinh/dell-se2725hm-27inch-full-hd-5ms-100hz-ips
ThinkPro,Màn hình,Dell P3425WE (34Inch/ UWQHD (3440x1440)/ 5ms/ 300cd/m2/ IPS/ Lan/USB-C),16.290.000,+0%,,,,https://thinkpro.vn/man-hinh/dell-p3425we-34inch-uwqhd-5ms-ips-lan-usb-c
ThinkPro,Màn hình,Dell Pro 24 Plus QHD P2425D (23.8Inch/ 2K/ 5ms/ 100HZ/ IPS),6.379.000,+0%,,,,https://thinkpro.vn/man-hinh/dell-pro-24-plus-qhd-p2425d-238inch-2k-5ms-100hz-ips
ThinkPro,Màn hình,Dell Pro E2425HSM (23.8Inch/ Full HD/ 5ms/ 100HZ/ 250cd/m2/ VA/ Tích hợp Loa),3.290.000,+0%,,,,https://thinkpro.vn/man-hinh/dell-pro-e2425hsm-238inch-full-hd-5ms-100hz-va-tich-hop-loa
Hoàng Hà PC (Hà Nội),RAM,RAM DDR5 GSKILL RIPJAWS M5 NEO RGB 64GB 6000MHz (2x32G) WHITE,25.990.000,+0%,,,,https://hoanghapc.vn/ram-ddr5-gskill-ripjaws-m5-neo-rgb-64gb-6000mhz-w
Hoàng Hà PC (Hà Nội),RAM,RAM DDR5 KINGSTON 32GB 5600MHz ECC Reg DIMM - CL46,42.000.000,+0%,,,,https://hoanghapc.vn/ram-d5-kingston-32gb-5600mhz-ecc-reg-dimm-cl46
Hoàng Hà PC (Hà Nội),RAM,RAM DDR4 HIKSEMI ARMOR 16GB 3200Mhz (1x16GB) BLACK - HSC416U32D2,2.500.000,,,,,https://hoanghapc.vn/ram-ddr4-hiksemi-armor-16gb-3200mhz-black
Hoàng Hà PC (Hà Nội),RAM,RAM DDR5 TEAMGROUP T-CREATE EXPERT 128GB 6400MHz (2x64GB) BLACK,80.000.000,,,,,https://hoanghapc.vn/ram-ddr5-teamgroup-t-create-expert-128gb-6400mhz-black
Hoàng Hà PC (Hà Nội),RAM,RAM DDR5 GSKILL TRIDENT Z5 NEO 64GB 6000MHz (2x32GB) BLACK,25.990.000,+0%,,,,https://hoanghapc.vn/ram-ddr5-gskill-trident-z5-neo-64g-6000-mhz
Hoàng Hà PC (Hà Nội),RAM,RAM DDR5 SIMORCHIP EX-1 16GB 6000Mhz (1x16G) CL32,6.000.000,,,,,https://hoanghapc.vn/ram-ddr5-simorchip-ex-1-16gb-6000mhz
Hoàng Hà PC (Hà Nội),RAM,RAM Server DDR5 V-Color PC5-44800 96GB 5600MHz ECC REG - CL46 (TR596G56D446),79.990.000,+0%,,,,https://hoanghapc.vn/ram-server-d5-v-color-pc5-44800-96gb-5600mhz-ecc-reg-cl46
Hoàng Hà PC (Hà Nội),RAM,RAM DDR5 LEXAR THOR GEN 2 32GB 6000MHz AMD EXPO & Intel XMP 3.0 - BLACK,14.900.000,+0%,,,,https://hoanghapc.vn/ram-ddr5-lexar-thor-gen-2-32gb-6000mhz
Hoàng Hà PC (Hà Nội),RAM,RAM DDR5 LEXAR THOR GEN 2 64GB (2x32GB) 6000MHz AMD EXPO & Intel XMP 3.0 - BLACK,29.900.000,+0%,,,,https://hoanghapc.vn/ram-ddr5-lexar-thor-gen-2-64gb-2x32gb-6000mhz
Hoàng Hà PC (Hà Nội),RAM,RAM DDR5 TEAMGROUP T-FORCE DELTA RGB 32GB 5600Mhz (1x32GB) BLACK - TRAY,15.000.000,,,,,https://hoanghapc.vn/ram-ddr5-teamgroup-t-force-delta-rgb-32gb-5600mhz-tray
Hoàng Hà PC (Hà Nội),RAM,RAM DDR5 TEAMGROUP T-FORCE DELTA RGB 64GB 5600Mhz (2x32GB) BLACK - TRAY,30.000.000,,,,,https://hoanghapc.vn/ram-ddr5-teamgroup-t-force-delta-rgb-64gb-5600mhz-tray
Hoàng Hà PC (Hà Nội),RAM,RAM DDR4 CORSAIR VENGEANCE LPX 16GB 3200MHz (1x16GB),3.250.000,+0%,,,,https://hoanghapc.vn/ram-corsair-vengeance-lpx-16gb-ddr4-3200mhz
Hoàng Hà PC (Hà Nội),RAM,RAM DDR5 CORSAIR VENGEANCE 16GB 5600MHz (1x16G) CL40,7.000.000,+0%,,,,https://hoanghapc.vn/ram-ddr5-corsair-vengeance-16gb-5600mhz
Hoàng Hà PC (Hà Nội),RAM,RAM DDR4 HIKSEMI FUTURE 16GB 3200MHZ U10 U-DIMM - HSC416U32C2,3.000.000,+0%,,,,https://hoanghapc.vn/ram-d4-hiksemi-future-16gb-3200mhz-u10-u-dimm
Hoàng Hà PC (Hà Nội),RAM,RAM DDR4 TEAMGROUP T-FORCE DARK Zα 32GB 3200MHz (2x16GB) BLACK,7.000.000,+0%,,,,https://hoanghapc.vn/ram-ddr4-teamgroup-t-force-dark-z-32gb
Hoàng Hà PC (Hà Nội),RAM,RAM DDR5 KINGMAX HORIZON 64GB 6000MHz (2x32GB),28.000.000,+0%,,,,https://hoanghapc.vn/ram-ddr5-kingmax-horizon-64gb-6000mhz
Hoàng Hà PC (Hà Nội),RAM,RAM DDR5 TEAMGROUP T-FORCE DELTA RGB 16GB 6000MHz (1x16GB) BLACK,7.000.000,+0%,,,,https://hoanghapc.vn/ram-d5-teamgroup-t-force-delta-rgb-16gb-6000mhz
Hoàng Hà PC (Hà Nội),RAM,RAM DDR5 KINGSTON FURY BEAST RGB EXPO 16GB 6000MHz (1x16G) CL36,5.990.000,+0%,,,,https://hoanghapc.vn/ram-ddr5-kingston-fury-beast-rgb-expo-16gb-6000mhz
Hoàng Hà PC (Hà Nội),RAM,RAM DDR5 KINGSTON FURY BEAST EXPO 16GB 6000MHz (1x16G) CL36,7.000.000,+0%,,,,https://hoanghapc.vn/ram-ddr5-kingston-fury-beast-expo-16gb-6000mhz
Hoàng Hà PC (Hà Nội),RAM,RAM DDR5 KINGSTON FURY BEAST RGB EXPO 32GB 6000MHz (2x16G) CL36,11.990.000,+0%,,,,https://hoanghapc.vn/ram-ddr5-kingston-fury-beast-rgb-expo-32gb-6000mhz
Hoàng Hà PC (Hà Nội),RAM,RAM DDR5 GSKILL RIPJAWS M5 NEO RGB 64GB 6000MHz (2x32G) BLACK,25.990.000,+0%,,,,https://hoanghapc.vn/ram-ddr5-gskill-ripjaws-m5-neo-rgb-64gb-6000mhz-bk
Hoàng Hà PC (Hà Nội),RAM,RAM DDR5 KINGSTON FURY BEAST RGB 32GB 5600MHz (2x16G) CL40,14.000.000,+0%,,,,https://hoanghapc.vn/ram-ddr5-kingston-fury-beast-32gb-5600mhz-rgb
Hoàng Hà PC (Hà Nội),RAM,RAM DDR4 KINGMAX ZEUS DRAGON 16GB 3600MHz (1x16GB),2.450.000,+0%,,,,https://hoanghapc.vn/ram-ddr4-kingmax-zeus-dragon-16gb-3600mhz
Hoàng Hà PC (Hà Nội),RAM,RAM DDR4 KINGMAX ZEUS DRAGON RGB 32GB 3600MHz (1x32GB),5.990.000,+0%,,,,https://hoanghapc.vn/ram-ddr4-kingmax-zeus-dragon-rgb-32gb-3600mhz
Hoàng Hà PC (Hà Nội),SSD,Ổ cứng SSD Kioxia Exceria Plus G3 2TB M.2 PCIe Gen4 x4 (Đọc 5000MB/s - Ghi 3900MB/s),7.500.000,+0%,,,,https://hoanghapc.vn/o-cung-ssd-kioxia-exceria-plus-g3-2tb
Hoàng Hà PC (Hà Nội),SSD,Ổ cứng SSD Samsung 990 Pro Heatsink 4TB M.2 PCIe Gen4 x4 (Đọc 7450MB/s - Ghi 6900MB/s),37.990.000,+0%,,,,https://hoanghapc.vn/o-cung-ssd-samsung-990-pro-heatsink-4tb
Hoàng Hà PC (Hà Nội),SSD,Ổ cứng SSD MSI Spatium M480 Pro 1TB M.2 PCIe Gen4 x4 (Đọc 7400MB/s - Ghi 6000MB/s),5.000.000,+0%,,,,https://hoanghapc.vn/o-cung-ssd-msi-spatium-m480-pro-1tb
Hoàng Hà PC (Hà Nội),SSD,Ổ cứng SSD Apacer AS2280P4U Pro 512GB M.2 PCIe Gen3 x4 (Đọc 3500MB/s - Ghi 2300MB/s),3.000.000,+0%,,,,https://hoanghapc.vn/o-cung-ssd-apacer-as2280p4u-pro-512gb
Hoàng Hà PC (Hà Nội),SSD,Ổ cứng SSD Sandisk WD Black SN7100 500GB M.2 PCIe Gen4 x4 (Đọc 6800MB/s - Ghi 5800MB/s),3.200.000,+0%,,,,https://hoanghapc.vn/o-cung-ssd-wd-black-sn7100-500gb
Hoàng Hà PC (Hà Nội),SSD,Ổ cứng SSD Biwin Black Opal NV3500 1TB M.2 2280 PCIe 3.0x4 (Đọc: 3500MB/s - Ghi: 3000MB/s),4.000.000,+0%,,,,https://hoanghapc.vn/o-cung-ssd-biwin-black-opal-nv3500-1tb
Hoàng Hà PC (Hà Nội),SSD,Ổ cứng SSD Biwin Black Opal NV3500 512GB M.2 2280 PCIe 3.0x4 (Đọc: 3500MB/s - Ghi: 2500MB/s),3.000.000,+0%,,,,https://hoanghapc.vn/o-cung-ssd-biwin-black-opal-nv3500-512gb
Hoàng Hà PC (Hà Nội),SSD,Ổ cứng SSD Lexar NQ710 500GB M.2 PCIe Gen4 x4 (Đọc 4400MB/s - Ghi 1700MB/s),3.000.000,+0%,,,,https://hoanghapc.vn/o-cung-ssd-lexar-nq710-500gb
Hoàng Hà PC (Hà Nội),SSD,Ổ cứng SSD Sandisk WD Black SN850X 8TB M.2 PCIe Gen4 x4 (Đọc 7200MB/s - Ghi 6600MB/s),60.000.000,+0%,,,,https://hoanghapc.vn/o-cung-ssd-sandisk-wd-black-sn850x-8tb-m-2-pcie-gen4-x4
Hoàng Hà PC (Hà Nội),SSD,Ổ cứng SSD Biwin Black Opal NV7400 1TB M.2 2280 PCIe Gen4x4 (Đọc: 7400MB/s - Ghi: 6500MB/s),4.500.000,+0%,,,,https://hoanghapc.vn/o-cung-ssd-biwin-black-opal-nv7400-1tb
Hoàng Hà PC (Hà Nội),SSD,Ổ cứng SSD Sandisk Optimus 5100 2TB M.2 PCIe 4x4 (Đọc 7100MB/s - Ghi 6700MB/s),16.000.000,+0%,,,,https://hoanghapc.vn/o-cung-ssd-sandisk-optimus-5100-2tb
Hoàng Hà PC (Hà Nội),SSD,Ổ cứng SSD Sandisk Optimus 5100 4TB M.2 PCIe 4x4 (Đọc 6900MB/s - Ghi 6700MB/s),28.000.000,+0%,,,,https://hoanghapc.vn/o-cung-ssd-sandisk-optimus-5100-4tb
Hoàng Hà PC (Hà Nội),SSD,Ổ cứng SSD Sandisk Optimus GX 7100 2TB M.2 PCIe 4x4 (Đọc 7250MB/s - Ghi 6900MB/s),21.000.000,+0%,,,,https://hoanghapc.vn/o-cung-ssd-sandisk-optimus-gx-7100-2tb
Hoàng Hà PC (Hà Nội),SSD,Ổ cứng SSD Sandisk Optimus GX 7100 4TB M.2 PCIe 4x4 (Đọc 7000MB/s - Ghi 6700MB/s),40.000.000,+0%,,,,https://hoanghapc.vn/o-cung-ssd-sandisk-optimus-gx-7100-4tb
Hoàng Hà PC (Hà Nội),SSD,Ổ cứng SSD Sandisk Optimus GX Pro 850X 4TB M.2 PCIe 4x4 (Đọc 7300MB/s - Ghi 6600MB/s),45.000.000,+0%,,,,https://hoanghapc.vn/o-cung-ssd-sandisk-optimus-gx-pro-850x-4tb
Hoàng Hà PC (Hà Nội),SSD,Ổ cứng SSD Sandisk Optimus GX Pro 850X 2TB M.2 PCIe 4x4 (Đọc 7300MB/s - Ghi 6600MB/s),24.000.000,+0%,,,,https://hoanghapc.vn/o-cung-ssd-sandisk-optimus-gx-pro-850x-2tb
Hoàng Hà PC (Hà Nội),SSD,Ổ cứng SSD Sandisk Optimus GX Pro 850X 8TB M.2 PCIe 4x4 (Đọc 7200MB/s - Ghi 6600MB/s),95.000.000,+0%,,,,https://hoanghapc.vn/o-cung-ssd-sandisk-optimus-gx-pro-850x-8tb
Hoàng Hà PC (Hà Nội),SSD,Ổ cứng SSD Sandisk Optimus GX Pro 8100 2TB M.2 PCIe 5x4 (Đọc 14900MB/s - Ghi 14000MB/s),25.000.000,+0%,,,,https://hoanghapc.vn/o-cung-ssd-sandisk-optimus-gx-pro-8100-2tb
Hoàng Hà PC (Hà Nội),SSD,Ổ cứng SSD Sandisk Optimus GX Pro 8100 4TB M.2 PCIe 5x4 (Đọc 14900MB/s - Ghi 14000MB/s),50.000.000,+0%,,,,https://hoanghapc.vn/o-cung-ssd-sandisk-optimus-gx-pro-8100-4tb
Hoàng Hà PC (Hà Nội),SSD,Ổ cứng SSD Sandisk Optimus GX Pro 8100 8TB M.2 PCIe 5x4 (Đọc 14900MB/s - Ghi 13200MB/s),100.000.000,+0%,,,,https://hoanghapc.vn/o-cung-ssd-sandisk-optimus-gx-pro-8100-8tb
Hoàng Hà PC (Hà Nội),SSD,Ổ cứng SSD Sandisk WD Blue SN5100 2TB M.2 PCIe Gen4 (Đọc 7100MB/s - Ghi 6700MB/s),9.000.000,+0%,,,,https://hoanghapc.vn/o-cung-ssd-sandisk-wd-blue-sn5100-2tb
Hoàng Hà PC (Hà Nội),SSD,Ổ cứng SSD GIGABYTE AI TOP 100E 320GB Gen4 M.2 NVMe (TRAY),3.000.000,,,,,https://hoanghapc.vn/o-cung-ssd-gigabyte-ai-top-100e-320gb
Hoàng Hà PC (Hà Nội),SSD,Ổ cứng SSD GIGABYTE AORUS Gen4 7300 2TB M.2 NVMe (TRAY),8.500.000,,,,,https://hoanghapc.vn/o-cung-ssd-gigabyte-aorus-gen4-7300-2tb
Hoàng Hà PC (Hà Nội),SSD,Ổ cứng SSD GIGABYTE AI TOP 100E 1TB Gen4 M.2 NVMe (TRAY),4.800.000,,,,,https://hoanghapc.vn/o-cung-ssd-gigabyte-ai-top-100e-1tb
Hoàng Hà PC (Hà Nội),Laptop,Laptop Acer Aspire Lite 16 AL15-44P-R4UH (Ryzen 7 7730U | 16GB | 512GB SSD | 15.6 inch FHD | Win11 | Silver),25.000.000,+0%,,,,https://hoanghapc.vn/laptop-acer-aspire-lite-16-al15-44p-r4uh
Hoàng Hà PC (Hà Nội),Laptop,Laptop Gaming Gigabyte Aorus Master 16 BYH-C5VNE64SH (Core Ultra 9 275HX | RAM 32G | SSD 1TB | RTX 5080 16G | 16 OLED 2.5K 240Hz),110.000.000,+0%,,,,https://hoanghapc.vn/laptop-gaming-gigabyte-aorus-master-16-byh-c5vne64sh
Hoàng Hà PC (Hà Nội),Laptop,Laptop Gaming GIGABYTE AORUS MASTER 16 GEN 2 AM6J (Ryzen 9 9955HX3D | RAM 32G | SSD 1TB | RTX 5070Ti 12G | 16 inch QHD+ 240Hz),100.000.000,+0%,,,,https://hoanghapc.vn/laptop-gaming-gigabyte-aorus-master-16-gen-2-am6j
Hoàng Hà PC (Hà Nội),Laptop,Laptop MSI Vector 16 HX AI A2XWHG 010VN (Ultra 7 255HX | 16GB | 512GB | RTX 5070 Ti | 16 inch QHD + 240Hz | Win 11 | Xám),66.990.000,+0%,,,,https://hoanghapc.vn/laptop-msi-vector-16-hx-ai-a2xwhg-010vn
Hoàng Hà PC (Hà Nội),Laptop,Laptop MSI Titan 18 HX AI A2XWJG 035VN (Intel Core Ultra 9 285HX | RTX 5090 24GB | 96GB | 6TB | 18 inch UHD+ IPS | Win 11 | Đen),190.000.000,+0%,,,,https://hoanghapc.vn/laptop-msi-titan-18-hx-ai-a2xwjg-035vn
Hoàng Hà PC (Hà Nội),Laptop,Laptop MSI Titan 18 HX AI A2XWIG 090VN (Intel Core Ultra 9 285HX | RTX 5080 | 18 inch UHD+ | 64GB | 6TB | Win 11 | Đen),160.000.000,+0%,,,,https://hoanghapc.vn/laptop-msi-titan-18-hx-ai-a2xwig-090vn
Hoàng Hà PC (Hà Nội),Laptop,Laptop MSI Vector 16 HX AI A2XWIG 062VN (Ultra 9 275HX | 16GB | 1TB | RTX 5080 | 16 inch QHD + 240Hz | Win 11 | Xám),85.000.000,+0%,,,,https://hoanghapc.vn/laptop-msi-vector-16-hx-ai-a2xwig-062vn
Hoàng Hà PC (Hà Nội),Laptop,Laptop MSI Raider 16 Max HX B2WI-095VN (Core Ultra 9 290HX Plus | RAM DDR5 64GB | SSD 2TB | RTX 5080 16G | 16 inch QHD_OLED 240Hz | Win 11 | Black),160.000.000,+0%,,,,https://hoanghapc.vn/laptop-msi-raider-16-max-hx-b2wi-095vn
Hoàng Hà PC (Hà Nội),Laptop,Laptop MSI Raider 18 Max HX A2WI-1285VN (Core Ultra 9 290HX Plus | RAM DDR5 64GB | SSD 2TB | RTX 5080 16G | 18inch UHD 120Hz | Win 11 | Black),180.000.000,+0%,,,,https://hoanghapc.vn/laptop-msi-raider-18-max-hx-a2wi-1285vn
Hoàng Hà PC (Hà Nội),Laptop,Laptop MSI Crosshair 16 Max HX E2WGXK-052VN (Core Ultra 7 251HX | RAM DDR5 16GB | SSD 1TB | RTX 5070 12G | 16inch QHD+ OLED 165Hz | Win 11 | Black),85.000.000,+0%,,,,https://hoanghapc.vn/laptop-msi-crosshair-16-max-hx-e2wgxk-052vn
Hoàng Hà PC (Hà Nội),Laptop,Laptop MSI Crosshair 16 HX E14WFK-075VN (Core i9-14900HX | RAM DDR5 32GB | SSD 1TB | RTX 5060 8G | 16inch QHD+ 240Hz | Win 11 | Black),85.000.000,+0%,,,,https://hoanghapc.vn/laptop-msi-crosshair-16-hx-e14wfk-075vn
Hoàng Hà PC (Hà Nội),Laptop,Laptop MSI Crosshair 16 HX E14WFK-074VN (Core i7-14650HX | RAM DDR5 16GB | SSD 1TB | RTX 5060 8G | 16inch QHD+ 240Hz | Win 11 | Black),70.000.000,+0%,,,,https://hoanghapc.vn/laptop-msi-crosshair-16-hx-e14wfk-074vn
Hoàng Hà PC (Hà Nội),Laptop,Laptop MSI Cyborg 15 Max C13WF-421VN (Core i7-13620H | RAM DDR5 16GB | SSD 512GB | RTX 5060 8G | 15.6inch FHD 144Hz | Win 11 | Platinum Gray),55.000.000,+0%,,,,https://hoanghapc.vn/laptop-msi-cyborg-15-max-c13wf-421vn
Hoàng Hà PC (Hà Nội),Laptop,Laptop MSI Cyborg 15 Max C13WE-422VN (Core i7-13620H | RAM DDR5 16GB | SSD 512GB | RTX 5060 8G | 15.6inch FHD 144Hz | Win 11 | Platinum Gray),54.000.000,+0%,,,,https://hoanghapc.vn/laptop-msi-cyborg-15-max-c13we-422vn
Hoàng Hà PC (Hà Nội),HDD,Ổ cứng HDD Western Digital Blue 4TB (3.5 Inch/ SATA 3/ 5400 RPM/ 256MB Cache),6.000.000,+0%,,,,https://hoanghapc.vn/o-cung-hdd-western-digital-blue-4tb
Hoàng Hà PC (Hà Nội),HDD,"Ổ Cứng HDD Western Digital Blue 4TB WD40EZZX (3.5 inch, SATA, 128MB Cache, CMR 5400RPM)",5.900.000,+0%,,,,https://hoanghapc.vn/o-cung-hdd-western-digital-blue-4tb-wd40ezzx
Hoàng Hà PC (Hà Nội),HDD,"Ổ Cứng HDD Western Digital Blue 2TB WD20EARZ (3.5 inch, Sata3 6Gb/s, 64MB Cache, CMR 5400RPM)",4.700.000,+0%,,,,https://hoanghapc.vn/o-cung-hdd-western-digital-blue-2tb-wd20earz
Hoàng Hà PC (Hà Nội),HDD,Ổ cứng HDD Western Digital Ultrastar DC HC555 16TB (3.5 Inch/ SATA 3/ 7200RPM/ 512MB Cache),28.000.000,+0%,,,,https://hoanghapc.vn/o-cung-hdd-western-digital-ultrastar-dc-hc555-16tb
Hoàng Hà PC (Hà Nội),HDD,"Ổ cứng HDD WD Red Plus 10TB (3.5 inch, SATA3 6Gb/s, 512MB Cache, 7200RPM, WD100EFGX)",16.000.000,+0%,,,,https://hoanghapc.vn/o-cung-hdd-wd-red-plus-10tb-wd100efgx
Hoàng Hà PC (Hà Nội),HDD,"Ổ Cứng HDD Western Digital Ultrastar DC HA340 4TB (3.5 inch, SATA 6Gb/s, 256MB Cache,7200RPM)",8.500.000,+0%,,,,https://hoanghapc.vn/o-cung-hdd-western-digital-ultrastar-dc-ha340-4tb
Hoàng Hà PC (Hà Nội),HDD,Ổ cứng HDD Western Digital Ultrastar DC HC570 22TB (3.5 Inch/ SATA 3/ 7200RPM/ 512MB Cache),35.000.000,+0%,,,,https://hoanghapc.vn/o-cung-hdd-western-digital-ultrastar-hc570-22tb
Hoàng Hà PC (Hà Nội),HDD,"Ổ cứng HDD Seagate IronWolf Pro 24TB (3.5 inch, SATA3, 512MB Cache, 7200RPM)",34.990.000,+0%,,,,https://hoanghapc.vn/o-cu-ng-hdd-seagate-ironwolf-pro-24tb
Hoàng Hà PC (Hà Nội),HDD,"Ổ cứng HDD Seagate IronWolf Pro 32TB (3.5 inch, SATA3, 512MB Cache, 7200RPM)",56.000.000,+0%,,,,https://hoanghapc.vn/o-cu-ng-hdd-seagate-ironwolf-pro-32tb
Hoàng Hà PC (Hà Nội),HDD,Ổ cứng HDD Western Digital Ultrastar DC HC555 18TB (3.5 Inch/ SATA 3/ 7200RPM/ 512MB Cache),30.000.000,+0%,,,,https://hoanghapc.vn/o-cung-hdd-western-digital-ultrastar-hc555-18tb
Hoàng Hà PC (Hà Nội),HDD,"Ổ cứng HDD WD Red Pro 16TB (3.5 inch, SATA3 6Gb/s, 512MB Cache, 7200RPM, WD161KFGX)",24.500.000,+0%,,,,https://hoanghapc.vn/o-cung-hdd-wd-red-pro-16tb
Hoàng Hà PC (Hà Nội),HDD,"Ổ cứng HDD Seagate Exos X24 20TB (3.5 inch, SATA3, 512MB Cache, 7200RPM)",32.000.000,+0%,,,,https://hoanghapc.vn/o-cung-hdd-seagate-exos-x24-20tb
Hoàng Hà PC (Hà Nội),HDD,"Ổ Cứng HDD Western Enterprise Ultrastar DC HC330 10TB (3.5 inch, Sata3 6Gb/s, 256MB Cache, 7200rpm)",17.000.000,+0%,,,,https://hoanghapc.vn/o-cung-western-enterprise-ultrastar-dc-hc330-10tb
Hoàng Hà PC (Hà Nội),HDD,"Ổ Cứng HDD Western Digital Ultrastar DC HC520 12TB (3.5 inch, SATA 6Gb/s, 256MB Cache, 7200RPM)",20.000.000,+0%,,,,https://hoanghapc.vn/o-cung-western-enterprise-ultrastar-dc-hc520-12tb
Hoàng Hà PC (Hà Nội),HDD,"Ổ Cứng HDD Western Digital Red Plus 4TB (3.5 inch, SATA3, 128MB Cache, 5400rpm) - WD40EFZZ",7.000.000,+0%,,,,https://hoanghapc.vn/o-cu-ng-hdd-western-digital-red-plus-4tb
Hoàng Hà PC (Hà Nội),HDD,"Ổ Cứng HDD Western Digital Caviar Blue 2TB (WD20EZBX) (3.5 inch, Sata3 6Gb/s, 256MB Cache, 7200rpm)",4.800.000,+0%,,,,https://hoanghapc.vn/hdd-western-caviar-blue-2tb
Hoàng Hà PC (Hà Nội),HDD,"Ổ cứng HDD Seagate Exos 7E10 10TB (3.5 inch, SATA3, 256MB Cache, 7200RPM)",17.000.000,+0%,,,,https://hoanghapc.vn/o-cung-hdd-seagate-enterprise-exos-7e10-10tb
Hoàng Hà PC (Hà Nội),HDD,Ổ cứng HDD Western Digital Ultrastar DC HC555 20TB (3.5 Inch/ SATA 3/ 7200RPM/ 512MB Cache),35.000.000,+0%,,,,https://hoanghapc.vn/o-cung-hdd-western-digital-ultrastar-hc555-20tb
Hoàng Hà PC (Hà Nội),HDD,Ổ cứng HDD Western Digital Ultrastar DC HA340 12TB (3.5 Inch/ SATA 3/ 7200RPM/ 512MB Cache),22.000.000,+0%,,,,https://hoanghapc.vn/o-cung-hdd-western-digital-ultrastar-dc-ha340-12tb
Hoàng Hà PC (Hà Nội),HDD,"Ổ cứng HDD Seagate Barracuda 4TB (3.5 inch, SATA3 6Gb/s, 256MB Cache, 5400rpm)",6.000.000,+0%,,,,https://hoanghapc.vn/o-cung-seagate-barracuda-4tb-64mb-cache
Hoàng Hà PC (Hà Nội),HDD,"Ổ Cứng HDD Seagate Barracuda 2TB (3.5 inch, Sata3 6Gb/s, 256MB Cache, 7200rpm)",4.800.000,+0%,,,,https://hoanghapc.vn/hdd-seagate-barracuda-2tb
Hoàng Hà PC (Hà Nội),HDD,"Ổ Cứng HDD Seagate Ironwolf 8TB (3.5 inch, Sata3 6Gb/s, 256MB Cache, 7200rpm)",12.000.000,+0%,,,,https://hoanghapc.vn/seagate-ironwolf-nas-8tb
Hoàng Hà PC (Hà Nội),HDD,"Ổ cứng HDD Seagate IronWolf 4TB (3.5 inch, SATA3, 256MB Cache, 5400RPM)",7.000.000,+0%,,,,https://hoanghapc.vn/o-cung-seagate-ironwolf-4tb
Hoàng Hà PC (Hà Nội),HDD,"Ổ cứng HDD Seagate Ironwolf 10TB (3.5 inch, SATA3 6Gb/s, 256MB Cache, 7200rpm)",16.000.000,+0%,,,,https://hoanghapc.vn/o-cung-seagate-ironwolf-10tb
Hoàng Hà PC (Hà Nội),VGA - Card màn hình,"VGA COLORFUL iGAME GEFORCE RTX 5080 ULTRA W OC 16GB-V (GDDR7, 256-bit, HDMI +DP, 1x16-pin)",59.000.000,+0%,,,,https://hoanghapc.vn/vga-colorful-igame-geforce-rtx-5080-ultra-w-oc-16gb-v
Hoàng Hà PC (Hà Nội),VGA - Card màn hình,"VGA COLORFUL iGAME GEFORCE RTX 5080 NEPTUNE OC 16GB-V (GDDR7, 256-bit, HDMI +DP, 1x16-pin)",59.000.000,+0%,,,,https://hoanghapc.vn/vga-colorful-igame-geforce-rtx-5080-neptune-oc-16gb-v
Hoàng Hà PC (Hà Nội),VGA - Card màn hình,"VGA GIGABYTE AORUS GEFORCE RTX 5090 INFINITY 32G (GDDR7, 512-bit, HDMI +DP, 1x16-pin)",220.000.000,+0%,,,,https://hoanghapc.vn/vga-gigabyte-aorus-geforce-rtx-5090-infinity-32g
Hoàng Hà PC (Hà Nội),VGA - Card màn hình,"VGA GIGABYTE AORUS GEFORCE RTX 5090 MASTER 32G (GDDR7, 512-bit, HDMI +DP, 1x16-pin)",210.000.000,+0%,,,,https://hoanghapc.vn/vga-gigabyte-aorus-geforce-rtx-5090-master-32g
Hoàng Hà PC (Hà Nội),VGA - Card màn hình,"VGA GIGABYTE GEFORCE RTX 5070 Ti WINDFORCE SFF 16G (GDDR7, 256-bit, HDMI+DP, 1x16-pin)",42.000.000,+0%,,,,https://hoanghapc.vn/vga-gigabyte-geforce-rtx-5070-ti-windforce-sff-16g
Hoàng Hà PC (Hà Nội),VGA - Card màn hình,"VGA GIGABYTE RADEON RX 6500 XT EAGLE 4G (GDDR6, 64-bit, HDMI +DP, 1x6-pin)",5.500.000,+0%,,,,https://hoanghapc.vn/vga-gigabyte-radeon-rx-6500-xt-eagle-4g
Hoàng Hà PC (Hà Nội),VGA - Card màn hình,"VGA ASUS DUAL RTX 3060 OC 12GB V2 (GDDR6, 192-bit, HDMI +DP, 1x8-pin)",9.990.000,+0%,,,,https://hoanghapc.vn/asus-dual-rtx-3060-12gb
Hoàng Hà PC (Hà Nội),VGA - Card màn hình,"VGA MSI RTX 3060 VENTUS 2X OC (12GB GDDR6, 192-bit, HDMI +DP, 1x8-pin)",9.990.000,+0%,,,,https://hoanghapc.vn/msi-rtx-3060-12gb-ventus-2x-oc
Hoàng Hà PC (Hà Nội),VGA - Card màn hình,"VGA PALIT GEFORCE RTX 5060 Ti INFINITY 3 16G (GDDR7, 128-bit, HDMI +DP, 1x8-pin)",25.000.000,+0%,,,,https://hoanghapc.vn/vga-palit-rtx-5060-ti-infinity-3-16g
Hoàng Hà PC (Hà Nội),VGA - Card màn hình,"VGA LEADTEK NVIDIA RTX PRO 6000 Blackwell Workstation Edition 96GB (GDDR7, 512-bit, 4x DisplayPort)",590.000.000,+0%,,,,https://hoanghapc.vn/vga-leadtek-nvidia-rtx-pro-6000-blackwell
Hoàng Hà PC (Hà Nội),VGA - Card màn hình,"VGA MSI GEFORCE RTX 5090 32G SUPRIM SOC (GDDR7, 512-bit, HDMI +DP, 1x16-pin)",210.000.000,+0%,,,,https://hoanghapc.vn/vga-msi-rtx-5090-32g-suprim-soc
Hoàng Hà PC (Hà Nội),VGA - Card màn hình,"VGA ASUS DUAL GEFORCE RTX 5060 Ti 16GB GDDR7 OC EDITION (128-bit, HDMI+DP, 1x8-pin)",25.000.000,+0%,,,,https://hoanghapc.vn/vga-asus-dual-rtx-5060-ti-16gb-gddr7-oc-edition
Hoàng Hà PC (Hà Nội),VGA - Card màn hình,"VGA LEADTEK NVIDIA RTX PRO 6000 Blackwell Max-Q Workstation Edition 96GB (GDDR7, 512-bit, 4x DisplayPort)",590.000.000,+0%,,,,https://hoanghapc.vn/vga-leadtek-nvidia-rtx-pro-6000-blackwell-max-q
Hoàng Hà PC (Hà Nội),VGA - Card màn hình,"VGA ASUS DUAL GEFORCE RTX 5060 8GB GDDR7 OC EDITION (128-bit, HDMI+DP, 1x8-pin)",12.990.000,+0%,,,,https://hoanghapc.vn/vga-asus-dual-rtx-5060-8gb-gddr7-oc
Hoàng Hà PC (Hà Nội),VGA - Card màn hình,"VGA MSI GEFORCE RTX 5060 8G SHADOW 2X OC (GDDR7, 128-bit, HDMI+DP, 1x8-pin)",12.990.000,+0%,,,,https://hoanghapc.vn/vga-msi-rtx-5060-8g-shadow-2x-oc
Hoàng Hà PC (Hà Nội),VGA - Card màn hình,"VGA LEADTEK NVIDIA RTX PRO 5000 BLACKWELL 72GB (GDDR7, 384-bit, 4x DP)",350.000.000,+0%,,,,https://hoanghapc.vn/vga-leadtek-nvidia-rtx-pro-5000-blackwell-72gb
Hoàng Hà PC (Hà Nội),VGA - Card màn hình,"VGA GIGABYTE GEFORCE RTX 5060 GAMING OC 8G (GDDR7, 128-bit, HDMI+DP, 1x8-pin) - 3 FAN",17.000.000,+0%,,,,https://hoanghapc.vn/vga-gigabyte-rtx-5060-gaming-oc-8g
Hoàng Hà PC (Hà Nội),VGA - Card màn hình,"VGA GIGABYTE GEFORCE RTX 5060 EAGLE OC ICE 8G (GDDR7, 128-bit, HDMI+DP, 1x8-pin)",13.490.000,+0%,,,,https://hoanghapc.vn/vga-gigabyte-rtx-5060-eagle-oc-ice-8g
Hoàng Hà PC (Hà Nội),VGA - Card màn hình,"VGA GIGABYTE GEFORCE RTX 5060 EAGLE OC 8G (GDDR7, 128-bit, HDMI+DP, 1x8-pin)",12.990.000,+0%,,,,https://hoanghapc.vn/vga-gigabyte-rtx-5060-eagle-oc-8g
Hoàng Hà PC (Hà Nội),VGA - Card màn hình,"VGA ASUS DUAL RTX 3050 6GB (GDDR6, 96-bit, HDMI+DP+DVI-D)",6.500.000,+0%,,,,https://hoanghapc.vn/vga-asus-dual-rtx-3050-6gb
Hoàng Hà PC (Hà Nội),VGA - Card màn hình,"VGA MSI RTX 3050 VENTUS 2X XS 8G OC (GDDR6, 128-bit, HDMI+DP, 6-pin x 1)",8.500.000,+0%,,,,https://hoanghapc.vn/vga-msi-rtx-3050-ventus-2x-xs-8gb-oc-gddr6
Hoàng Hà PC (Hà Nội),VGA - Card màn hình,"VGA LEADTEK NVIDIA RTX A1000 8GB (GDDR6, 128-bit)",20.990.000,+0%,,,,https://hoanghapc.vn/vga-leadtek-nvidia-rtx-a1000
Hoàng Hà PC (Hà Nội),VGA - Card màn hình,"VGA GIGABYTE RTX 3060 WINDFORCE OC 12G (rev. 2.0) (GDDR6, 192-bit, HDMI +DP, 1x8-pin)",9.990.000,+0%,,,,https://hoanghapc.vn/vga-gigabyte-rtx-3060-windforce-oc-12g
Hoàng Hà PC (Hà Nội),VGA - Card màn hình,"VGA GIGABYTE GEFORCE RTX 5080 WINDFORCE OC SFF 16G (GDDR7, 256-bit, HDMI +DP, 1x16-pin)",59.000.000,+0%,,,,https://hoanghapc.vn/vga-gigabyte-geforce-rtx-5080-windforce-oc-sff-16g
Hoàng Hà PC (Hà Nội),Mainboard,Mainboard Gigabyte Z790 AORUS ELITE AX DDR5 ( WIFI + Bluetooth ),3.690.000,+0%,,,,https://hoanghapc.vn/mainboard-gigabyte-z790-aorus-elite-ax
Hoàng Hà PC (Hà Nội),Mainboard,"Mainboard ASUS PRIME Z790-P D4-CSM (Intel Z790, Socket 1700, ATX, 4 khe Ram DDR4)",5.500.000,+0%,,,,https://hoanghapc.vn/mainboard-asus-prime-z790-p-d4-csm
Hoàng Hà PC (Hà Nội),Mainboard,"Mainboard MSI PRO Z790-P WIFI DDR4 (Intel Z790, Socket 1700, ATX, 4 khe Ram DDR4)",5.200.000,+0%,,,,https://hoanghapc.vn/mainboard-msi-pro-z790-p-wifi-ddr4
Hoàng Hà PC (Hà Nội),Mainboard,"Mainboard ASUS ROG STRIX Z790-E GAMING WIFI II (Intel Z790, Socket 1700, ATX, 4 khe Ram DDR5)",13.990.000,+0%,,,,https://hoanghapc.vn/mainboard-asus-strix-z790-e-gaming-wifi
Hoàng Hà PC (Hà Nội),Mainboard,"Mainboard ASUS ROG STRIX Z790-F GAMING WIFI (Intel Z790, Socket 1700, ATX, 4 khe Ram DDR5)",11.290.000,+0%,,,,https://hoanghapc.vn/mainboard-asus-strix-z790-f-gaming-wifi
Hoàng Hà PC (Hà Nội),Mainboard,"Mainboard Gigabyte Z790 D (Intel Z790, Socket LGA1700, ATX, 4 khe RAM DDR4)",5.500.000,+0%,,,,https://hoanghapc.vn/mainboard-gigabyte-z790-d
Hoàng Hà PC (Hà Nội),Mainboard,"Mainboard Gigabyte Z790 AORUS MASTER DDR5 (Intel Z790, Socket LGA1700, E-ATX, 4 khe RAM DDR5)",15.990.000,+0%,,,,https://hoanghapc.vn/mainboard-gigabyte-z790-aorus-master
Hoàng Hà PC (Hà Nội),Mainboard,"Mainboard GIGABYTE X870E AORUS MASTER X3D (AMD X870E, Socket AM5, ATX, 4 khe RAM DDR5)",22.000.000,+0%,,,,https://hoanghapc.vn/mainboard-gigabyte-x870e-aorus-master-x3d
Hoàng Hà PC (Hà Nội),Mainboard,"Mainboard GIGABYTE TRX50 AI TOP (AMD TRX50, Socket sTR5, E-ATX, 8 khe RAM DDR5)",31.000.000,+0%,,,,https://hoanghapc.vn/mainboard-gigabyte-trx50-ai-top
Hoàng Hà PC (Hà Nội),Mainboard,"Mainboard GIGABYTE Z890 AORUS XTREME AI TOP (Intel Z890, Socket 1851, E-ATX, 4 khe RAM DDR5)",37.990.000,+0%,,,,https://hoanghapc.vn/mainboard-gigabyte-z890-aorus-xtreme-ai-top
Hoàng Hà PC (Hà Nội),Mainboard,"Mainboard GIGABYTE Z890 AI TOP (Intel Z890, Socket 1851, E-ATX, 4 khe RAM DDR5)",20.000.000,+0%,,,,https://hoanghapc.vn/mainboard-gigabyte-z890-ai-top
Hoàng Hà PC (Hà Nội),Mainboard,"Mainboard ASUS ROG CROSSHAIR X870E DARK HERO (AMD X870E, Socket AM5, ATX, 4 khe RAM DDR5)",25.000.000,+0%,,,,https://hoanghapc.vn/mainboard-asus-rog-crosshair-x870e-dark-hero
Hoàng Hà PC (Hà Nội),Mainboard,"Mainboard MSI MAG Z790 TOMAHAWK WIFI DDR5 (Intel Z790, Socket 1700, ATX, 4 khe Ram DDR5)",7.890.000,+0%,,,,https://hoanghapc.vn/mainboard-msi-mag-z790-tomahawk-wifi-ddr5
Hoàng Hà PC (Hà Nội),Mainboard,"Mainboard GIGABYTE X870E AORUS ELITE WIFI7 ICE (AMD X870E, Socket AM5, ATX, 4 khe RAM DDR5)",12.000.000,+0%,,,,https://hoanghapc.vn/mainboard-gigabyte-x870e-aorus-elite-wifi7-ice
Hoàng Hà PC (Hà Nội),Mainboard,"Mainboard ASUS ROG CROSSHAIR X870E EDITION 20 (AMD X870E, Socket AM5, E-ATX, 4 khe RAM DDR5)",99.900.000,+0%,,,,https://hoanghapc.vn/mainboard-asus-rog-crosshair-x870e-edition-20
Hoàng Hà PC (Hà Nội),Mainboard,"Mainboard Asus PRIME H610M-K D4 (Intel H610, LGA 1700, M-ATX, 2 khe Ram DDR4)",2.000.000,+0%,,,,https://hoanghapc.vn/mainboard-asus-prime-h610m-k-d4
Hoàng Hà PC (Hà Nội),Mainboard,"Mainboard MSI MPG X670E CARBON WIFI (AMD X670, Socket AM5, ATX, 4 khe RAM DRR5)",9.000.000,+0%,,,,https://hoanghapc.vn/main-msi-mpg-x670e-carbon-wifi
Hoàng Hà PC (Hà Nội),Mainboard,"Mainboard ASUS ROG MAXIMUS Z790 EXTREME (Intel Z790, Socket 1700, ATX, 4 khe Ram DDR5)",27.990.000,+0%,,,,https://hoanghapc.vn/mainboard-asus-rog-maximus-z790-extreme
Hoàng Hà PC (Hà Nội),Mainboard,"Mainboard Gigabyte Z790 AERO G (Intel Z790, Socket LGA1700, ATX, 4 khe RAM DDR5)",9.990.000,+0%,,,,https://hoanghapc.vn/mainboard-gigabyte-z790-aero-g-ddr5
Hoàng Hà PC (Hà Nội),Mainboard,"Mainboard Gigabyte Z790 UD AC (Intel Z790, Socket LGA1700, ATX, 4 khe RAM DDR5)",5.000.000,+0%,,,,https://hoanghapc.vn/mainboard-gigabyte-z790-ud-ac
Hoàng Hà PC (Hà Nội),Mainboard,"Mainboard ASRock Z790 PG Riptide (Intel Z790, Socket LGA1700, ATX, 4 khe RAM DDR5)",2.890.000,+0%,,,,https://hoanghapc.vn/mainboard-asrock-z790-pg-riptide
Hoàng Hà PC (Hà Nội),Mainboard,"Mainboard ASUS PRIME Z890-P WIFI CSM (Intel Z890, Socket 1851, ATX, 4 khe RAM DDR5)",7.000.000,+0%,,,,https://hoanghapc.vn/mainboard-asus-prime-z890-p-wifi-csm
Hoàng Hà PC (Hà Nội),Mainboard,"Mainboard ASRock Z690 STEEL LEGEND/ D5 (Intel Z690, Socket 1700, ATX, 4 khe Ram DDR5)",2.990.000,+0%,,,,https://hoanghapc.vn/mainboard-asrock-z690-steel-legend-d5
Hoàng Hà PC (Hà Nội),Mainboard,"Mainboard Gigabyte B650 AORUS ELITE AX (AMD B650, Socket AM5, ATX, 4 khe RAM DDR5)",6.900.000,+0%,,,,https://hoanghapc.vn/mainboard-gigabyte-b650-aorus-elite-ax
Hoàng Hà PC (Hà Nội),PSU - Nguồn máy tính,Nguồn Gigabyte UD1600PM PG5 AI TOP (1600W/ 80 Plus Platinum/ Full Modular),12.000.000,+0%,,,,https://hoanghapc.vn/nguon-gigabyte-ud1600pm-pg5-ai-top
Hoàng Hà PC (Hà Nội),PSU - Nguồn máy tính,Nguồn Gigabyte GP-UD850GM PG5 850W (80 Plus Gold/ Full Modular),3.200.000,+0%,,,,https://hoanghapc.vn/nguon-gigabyte-gp-ud850gm-pg5
Hoàng Hà PC (Hà Nội),PSU - Nguồn máy tính,Nguồn Gigabyte UD1300GM PG5 1300W (80 Plus Gold | PCIe 5.0 | Full Modular),5.000.000,+0%,,,,https://hoanghapc.vn/nguon-gigabyte-ud1300gm-pg5-1300w
Hoàng Hà PC (Hà Nội),PSU - Nguồn máy tính,Nguồn Super Flower Leadex Titanium 2200W ATX 3.1 (Cybenetics Titanium/ Full-Modular/ Đen),16.000.000,+0%,,,,https://hoanghapc.vn/nguon-super-flower-leadex-titanium-2200w-atx-3-1
Hoàng Hà PC (Hà Nội),PSU - Nguồn máy tính,Nguồn Gigabyte UD1600PM PG5 AI TOP (1600W/ 80 Plus Platinum/ Full Modular) - TRAY,11.000.000,,,,,https://hoanghapc.vn/nguon-gigabyte-ud1600pm-pg5-ai-top-1
Hoàng Hà PC (Hà Nội),PSU - Nguồn máy tính,Nguồn ANTEC GSK 1200 V2 1200W ATX 3.1 PCIe 5.1 (80 Plus Gold/ Full-Modular/ Black),4.000.000,+0%,,,,https://hoanghapc.vn/nguon-antec-gsk-1200-v2-1200w-atx-3-1-pcie-5-1
Hoàng Hà PC (Hà Nội),PSU - Nguồn máy tính,Nguồn ANTEC CSK 750DC EC 750W (80 Plus Bronze/ Non-Modular/ Black),1.800.000,+0%,,,,https://hoanghapc.vn/nguon-antec-csk-750dc-ec-750w
Hoàng Hà PC (Hà Nội),PSU - Nguồn máy tính,Nguồn Thermaltake Dockpower FI 1000W (80 Plus Gold | ATX 3.1 | PCIe 5.1 | Full Modular),4.500.000,+0%,,,,https://hoanghapc.vn/nguon-thermaltake-dockpower-fi-1000w
Hoàng Hà PC (Hà Nội),PSU - Nguồn máy tính,Nguồn Thermaltake AX 3200W (80 Plus Platinum | ATX 3.1 | PCIe 5.0 | Full Modular),22.000.000,+0%,,,,https://hoanghapc.vn/nguon-thermaltake-ax-3200w
Hoàng Hà PC (Hà Nội),PSU - Nguồn máy tính,Nguồn Ocypus Beta P600S 500W - Non Modular,900.000,+0%,,,,https://hoanghapc.vn/nguon-ocypus-beta-p600s-500w
Hoàng Hà PC (Hà Nội),PSU - Nguồn máy tính,Nguồn Asus TUF Gaming 850W Gold EVO (ATX 3.1/ 80 Plus Gold/ Full Modular),3.500.000,+0%,,,,https://hoanghapc.vn/nguon-asus-tuf-gaming-850w-gold-evo
Hoàng Hà PC (Hà Nội),PSU - Nguồn máy tính,Nguồn Super Flower Leadex VII XG ATX 3.1 1300W 80 Plus Gold (Full Modular),6.500.000,+0%,,,,https://hoanghapc.vn/nguon-super-flower-leadex-vii-xg-atx-3-1-1300w
Hoàng Hà PC (Hà Nội),PSU - Nguồn máy tính,Nguồn Asus Rog Thor 1000W Platinum III (ATX 3.1/ 80 Plus Platinum/ Full Modular),13.000.000,+0%,,,,https://hoanghapc.vn/nguon-asus-rog-thor-1000w-platinum-iii
Hoàng Hà PC (Hà Nội),PSU - Nguồn máy tính,Nguồn Super Flower Leadex VIII Platinum Pro 1000W ATX 3.1 Black (Cybernetics Platinum/ Full Modular),6.000.000,+0%,,,,https://hoanghapc.vn/nguon-super-flower-leadex-viii-platinum-pro-1000w
Hoàng Hà PC (Hà Nội),PSU - Nguồn máy tính,Nguồn Asus TUF Gaming 750W Bronze EVO (ATX 3.1/ 80 Plus Bronze/ Full Modular),2.000.000,+0%,,,,https://hoanghapc.vn/nguon-asus-tuf-gaming-750w-bronze-evo
Hoàng Hà PC (Hà Nội),PSU - Nguồn máy tính,Nguồn Segotep GM850 850W (80 Plus Gold/ ATX 3.0/ PCIE 5.0/ Full Modular/ Black),2.990.000,+0%,,,,https://hoanghapc.vn/nguon-segotep-gm850-850w-black
Hoàng Hà PC (Hà Nội),PSU - Nguồn máy tính,Nguồn ASRock PRO-750B 750W (ATX3.1/ PCIe5.1/ 80 Plus Bronze/ Non Modular),2.000.000,+0%,,,,https://hoanghapc.vn/nguon-asrock-pro-750b-750w
Hoàng Hà PC (Hà Nội),PSU - Nguồn máy tính,Nguồn Segotep AN650W 650W (80 Plus/ Non Modular),990.000,+0%,,,,https://hoanghapc.vn/nguon-segotep-an650w
Hoàng Hà PC (Hà Nội),PSU - Nguồn máy tính,Nguồn Segotep GM1250W 1250W ATX 3.0 (80 Plus Gold | PCIE 5.0),3.500.000,+0%,,,,https://hoanghapc.vn/nguon-segotep-gm1250w-1250w-atx-3-0
Hoàng Hà PC (Hà Nội),PSU - Nguồn máy tính,Nguồn Segotep Qpower 350W - Non Modular,600.000,+0%,,,,https://hoanghapc.vn/nguon-segotep-qpower-350w
Hoàng Hà PC (Hà Nội),PSU - Nguồn máy tính,Nguồn Thermaltake Toughpower GF A3 1050W (80 Plus Gold | ATX 3.0 | PCIe 5.0 | Full Modular),3.500.000,+0%,,,,https://hoanghapc.vn/nguon-thermaltake-toughpower-gf-a3-gold-1050w
Hoàng Hà PC (Hà Nội),PSU - Nguồn máy tính,Nguồn Thermaltake Toughpower GT 850W ATX 3.1 (80 Plus Gold/ Full Modular),2.900.000,+0%,,,,https://hoanghapc.vn/nguon-thermaltake-toughpower-gt-850w
Hoàng Hà PC (Hà Nội),PSU - Nguồn máy tính,Nguồn Thermaltake TOUGHPOWER GT 1200W (80 Plus Gold | ATX 3.1 | PCIe 5.1 | Full Modular),4.000.000,+0%,,,,https://hoanghapc.vn/nguon-thermaltake-toughpower-gt-1200w
Hoàng Hà PC (Hà Nội),PSU - Nguồn máy tính,Nguồn Thermaltake Toughpower GF A3 750W (80 Plus Gold | ATX 3.0 | PCIe 5.0 | Full Modular),3.200.000,+0%,,,,https://hoanghapc.vn/nguon-thermaltake-gf-a3-750w
Hoàng Hà PC (Hà Nội),Màn hình,Màn hình đồ họa AOC U32U3CV/74 (32 inch/ 4K/ IPS/ 60Hz/ USB-C 96W/ Loa),9.990.000,-9.1%,,,,https://hoanghapc.vn/man-hinh-aoc-u32u3cv-74
Hoàng Hà PC (Hà Nội),Màn hình,Màn hình Gaming Gigabyte G34WQC2 (34 inch/ WQHD/ VA 1500R/ 200Hz/ 1ms/ Loa),8.500.000,+0%,,,,https://hoanghapc.vn/man-hinh-gaming-gigabyte-g34wqc2
Hoàng Hà PC (Hà Nội),Màn hình,Màn hình Gaming Gigabyte MO34WQC (34 inch/ 2K/ OLED/ 175Hz/ 0.03ms/ USB-C 18W/ Loa),26.000.000,+0%,,,,https://hoanghapc.vn/man-hinh-gaming-gigabyte-mo34wqc
Hoàng Hà PC (Hà Nội),Màn hình,Màn hình Gaming ASUS ROG SWIFT OLED PG27AQWP-W (27 inch/ 2K/ WOLED/ 540Hz/ 0.02ms),42.000.000,+0%,,,,https://hoanghapc.vn/man-hinh-gaming-asus-rog-swift-oled-pg27aqwp-w
Hoàng Hà PC (Hà Nội),Màn hình,Màn hình cong ASUS TUF GAMING VG27VQM (27 inch/ FHD/ IPS/ 240Hz/ 1ms/ Loa),7.000.000,+0%,,,,https://hoanghapc.vn/man-hinh-cong-asus-tuf-gaming-vg27vqm
Hoàng Hà PC (Hà Nội),Màn hình,Màn hình Dell S2425HSM (24 inch/ FHD/ IPS/ 144Hz/ 1ms/ Loa),4.500.000,+0%,,,,https://hoanghapc.vn/man-hinh-dell-s2425hsm
Hoàng Hà PC (Hà Nội),Màn hình,Màn hình cong Gaming ASUS ROG SWIFT OLED PG39WCDM (39 inch/ 2K/ OLED/ 240Hz/ USB-C 90W),48.000.000,+0%,,,,https://hoanghapc.vn/man-hinh-cong-gaming-asus-rog-swift-oled-pg39wcdm
Hoàng Hà PC (Hà Nội),Màn hình,Màn hình Gaming ASUS ROG SWIFT OLED PG32UCDM (32 inch/ 4K/ QD-OLED/ 240Hz/ USB-C 90W),45.000.000,+0%,,,,https://hoanghapc.vn/man-hinh-gaming-asus-rog-swift-oled-pg32ucdm
Hoàng Hà PC (Hà Nội),Màn hình,Màn hình cong Gaming ASUS ROG SWIFT OLED PG34WCDM (34 inch/ 2K/ OLED/ 240Hz/ USB-C 90W),45.000.000,+0%,,,,https://hoanghapc.vn/man-hinh-cong-gaming-asus-rog-swift-oled-pg34wcdm
Hoàng Hà PC (Hà Nội),Màn hình,Màn hình cong Gaming ASUS ROG SWIFT OLED PG49WCD (49 inch/ 2K/ OLED/ 144Hz/ USB-C 90W),58.000.000,+0%,,,,https://hoanghapc.vn/man-hinh-cong-gaming-asus-rog-swift-oled-pg49wcd
Hoàng Hà PC (Hà Nội),Màn hình,Màn hình Gaming ASUS ROG SWIFT OLED PG32UCDP (32 inch/ 4K/ WOLED/ 240Hz/ USB-C 90W),43.000.000,+0%,,,,https://hoanghapc.vn/man-hinh-gaming-asus-rog-swift-oled-pg32ucdp
Hoàng Hà PC (Hà Nội),Màn hình,Màn hình Gaming ASUS ROG SWIFT OLED PG27UCDM (27 inch/ 4K/ QD-OLED/ 240Hz/ USB-C 90W),35.000.000,+0%,,,,https://hoanghapc.vn/man-hinh-gaming-asus-rog-swift-oled-pg27ucdm
Hoàng Hà PC (Hà Nội),Màn hình,Màn hình LG 32U631A-B (31.5 inch/ QHD/ IPS/ 100Hz/ 5ms/ USB-C),7.000.000,+0%,,,,https://hoanghapc.vn/man-hinh-lg-32u631a-b
Hoàng Hà PC (Hà Nội),Màn hình,Màn hình Dell Pro P2426H (23.8 inch/ FHD/ IPS/ 120Hz/ USB-C 15W),4.790.000,+0%,,,,https://hoanghapc.vn/man-hinh-dell-pro-p2426h
Hoàng Hà PC (Hà Nội),Màn hình,Màn hình máy tính Dell P2423DE (23.8 inch/ 2K/ IPS/ USB-C 90W),8.000.000,+0%,,,,https://hoanghapc.vn/man-hinh-may-tinh-dell-p2423de
Hoàng Hà PC (Hà Nội),Màn hình,Màn hình LG UltraGear G6 27G610A-B (27 inch/ 2K/ IPS/ 200Hz/ 1ms),6.000.000,+0%,,,,https://hoanghapc.vn/man-hinh-lg-ultragear-g6-27g610a-b
Hoàng Hà PC (Hà Nội),Màn hình,Màn hình Asus ProArt PA279CV USB-C 65W (27 inch/ 4K/ IPS/ 60Hz/ Loa),12.000.000,+0%,,,,https://hoanghapc.vn/man-hinh-asus-proart-pa279cv
Hoàng Hà PC (Hà Nội),Màn hình,Màn hình Samsung Gaming UltraWide Odyssey G5 LC34G55TWWEXXV (34 inch /WQHD/ 165Hz/ VA/ 1ms/ FreeSync/ HDR10/ Curved),7.590.000,+0%,,,,https://hoanghapc.vn/man-hinh-samsung-lc34g55twwexxv
Hoàng Hà PC (Hà Nội),Màn hình,Màn hình ASUS TUF GAMING VG27AQL3A-W (27 inch/ 2K/ IPS/ 180Hz/ 1ms/ Loa),8.000.000,+0%,,,,https://hoanghapc.vn/man-hinh-gaming-asus-tuf-gaming-vg27aql3a-w
Hoàng Hà PC (Hà Nội),Màn hình,Màn hình ViewSonic VA24G2-H (24 inch/ FHD/ IPS/ 144Hz/ 1ms),2.600.000,+0%,,,,https://hoanghapc.vn/man-hinh-viewsonic-va24g2-h
Hoàng Hà PC (Hà Nội),Màn hình,Màn hình ASUS VA249HG-R (24 inch/ FHD/ IPS/ 120Hz/ 1ms),2.600.000,+0%,,,,https://hoanghapc.vn/man-hinh-asus-va249hg
Hoàng Hà PC (Hà Nội),Màn hình,Màn hình Dell UltraSharp U3225QE (32 inch/ 4K/ IPS/ 120Hz/ Thunderbolt 4),24.000.000,+0%,,,,https://hoanghapc.vn/man-hinh-dell-ultrasharp-u3225q
Hoàng Hà PC (Hà Nội),Màn hình,Màn hình Asus VA249QGS (24 inch/ FHD/ IPS/ 120Hz/ 1ms/ Loa),4.000.000,+0%,,,,https://hoanghapc.vn/man-hinh-asus-va249qgs
Hoàng Hà PC (Hà Nội),Màn hình,Màn hình ASRock CL27FFA (27 inch/ FHD/ IPS/ 120Hz/ 1ms),2.700.000,+0%,,,,https://hoanghapc.vn/man-hinh-asrock-cl27ffa
